{
    "textures": {
        "particle": "blocks/portal",
        "portal": "blocks/portal"
    },
    "elements": [
        {   "from": [ 0, 0, 0 ],
            "to": [ 16, 16, 16 ],
            "faces": {
                "east": { "uv": [ 0, 0, 16, 16 ], "texture": "#portal" },
                "west": { "uv": [ 0, 0, 16, 16 ], "texture": "#portal" },
                "north": { "uv": [ 0, 0, 16, 16 ], "texture": "#portal" },
                "south": { "uv": [ 0, 0, 16, 16 ], "texture": "#portal" }
            }
        }
    ]
}
