{
"__comment": "Created by Droobledore with BDcraft Cubik PRO 0.93 Beta",
"ambientocclusion": false,
"textures": {
    "texture": "items/hat_auror",
    "hat_auror2": "items/hat_auror2"
},
"elements": [ 
{
    "__comment": "Madeye",
    "from": [ 0, 8, 1 ],
    "to": [ 1, 10.5, 2.5 ],
    "faces": {
        "down":  { "uv": [ 6.499, 2.999, 2.001, 2.501 ], "rotation": 90, "texture": "#texture" },
        "up":    { "uv": [ 0.501, 0.001, 2.999, 0.499 ], "rotation": 90, "texture": "#texture" },
        "north": { "uv": [ 11.501, 0.501, 12.499, 2.499 ], "texture": "#texture" },
        "south": { "uv": [ 0.501, 0.501, 1.499, 2.499 ], "texture": "#texture" },
        "west":  { "uv": [ 3.001, 0.501, 4.499, 2.499 ], "texture": "#texture", "cullface": "west" },
        "east":  { "uv": [ 11.501, 0.501, 12.999, 2.499 ], "texture": "#texture" }
    }
},
{
    "__comment": "Madeye",
    "from": [ 0, 8.5, 2.5 ],
    "to": [ 1, 10.5, 6.5 ],
    "faces": {
        "down":  { "uv": [ 8.999, 2.999, 2.001, 2.501 ], "rotation": 90, "texture": "#texture" },
        "up":    { "uv": [ 4.501, 0.001, 10.499, 0.499 ], "rotation": 90, "texture": "#texture" },
        "south": { "uv": [ 3.001, 0.501, 3.999, 2.499 ], "texture": "#texture" },
        "west":  { "uv": [ 3.001, 0.501, 6.999, 2.499 ], "texture": "#texture", "cullface": "west" },
        "east":  { "uv": [ 7.001, 0.501, 10.999, 2.499 ], "texture": "#texture" }
    }
},
{
    "__comment": "Madeye",
    "from": [ 0, 10.5, 4 ],
    "to": [ 1, 11, 15 ],
    "faces": {
        "down":  { "uv": [ 0.001, 2.501, 15.999, 2.999 ], "rotation": 90, "texture": "#texture" },
        "up":    { "uv": [ 0.001, 0.001, 15.999, 0.499 ], "rotation": 90, "texture": "#texture" },
        "north": { "uv": [ 0.001, 0.501, 0.999, 0.999 ], "texture": "#texture" },
        "south": { "uv": [ 0.001, 0.501, 0.999, 0.999 ], "texture": "#texture" },
        "west":  { "uv": [ 0.001, 0.501, 10.999, 0.999 ], "texture": "#texture", "cullface": "west" },
        "east":  { "uv": [ 0.001, 0.501, 10.999, 0.999 ], "texture": "#texture" }
    }
},
{
    "__comment": "Madeye",
    "from": [ 0, 9, 6.5 ],
    "to": [ 1, 10.5, 15 ],
    "faces": {
        "down":  { "uv": [ 15.499, 2.999, 5.501, 2.501 ], "rotation": 90, "texture": "#texture" },
        "south": { "uv": [ 2.501, 1.001, 3.499, 2.499 ], "texture": "#texture" },
        "west":  { "uv": [ 4.001, 1.001, 12.499, 2.499 ], "texture": "#texture", "cullface": "west" },
        "east":  { "uv": [ 2.501, 1.001, 10.999, 2.499 ], "texture": "#texture" }
    }
},
{
    "__comment": "Madeye",
    "from": [ 0, 8.5, 13 ],
    "to": [ 1, 9, 15 ],
    "faces": {
        "down":  { "uv": [ 6.999, 2.999, 1.501, 2.501 ], "rotation": 90, "texture": "#texture" },
        "north": { "uv": [ 11.001, 1.001, 11.999, 1.499 ], "texture": "#texture" },
        "south": { "uv": [ 4.501, 1.001, 5.499, 1.499 ], "texture": "#texture" },
        "west":  { "uv": [ 10.001, 1.001, 11.999, 1.499 ], "texture": "#texture", "cullface": "west" },
        "east":  { "uv": [ 2.501, 1.501, 4.499, 1.999 ], "texture": "#texture" }
    }
},
{
    "__comment": "Madeye",
    "from": [ 0.5, 8, 2.5 ],
    "to": [ 1, 8.5, 3 ],
    "faces": {
        "down":  { "uv": [ 14.499, 2.999, 14.001, 2.501 ], "texture": "#texture" },
        "south": { "uv": [ 6.501, 1.501, 6.999, 1.999 ], "texture": "#texture" },
        "west":  { "uv": [ 6.001, 1.001, 6.499, 1.499 ], "texture": "#texture" },
        "east":  { "uv": [ 11.001, 1.001, 11.499, 1.499 ], "texture": "#texture" }
    }
},
{
    "__comment": "Madeye",
    "from": [ 0.5, 8.5, 12.5 ],
    "to": [ 1, 9, 13 ],
    "faces": {
        "down":  { "uv": [ 13.499, 1.499, 13.001, 1.001 ], "texture": "#texture" },
        "north": { "uv": [ 13.001, 1.001, 13.499, 1.499 ], "texture": "#texture" },
        "west":  { "uv": [ 11.001, 1.001, 11.499, 1.499 ], "texture": "#texture" },
        "east":  { "uv": [ 4.001, 1.001, 4.499, 1.499 ], "texture": "#texture" }
    }
},
{
    "__comment": "Madeye",
    "from": [ 1, 8, 1 ],
    "to": [ 2, 10.5, 2 ],
    "faces": {
        "down":  { "uv": [ 13.499, 2.999, 12.501, 2.501 ], "texture": "#texture" },
        "up":    { "uv": [ 1.501, 0.001, 2.499, 0.499 ], "texture": "#texture" },
        "north": { "uv": [ 13.001, 0.501, 13.999, 2.499 ], "texture": "#texture" },
        "south": { "uv": [ 3.001, 0.501, 3.999, 2.499 ], "texture": "#texture" },
        "east":  { "uv": [ 11.501, 0.501, 12.499, 2.499 ], "texture": "#texture" }
    }
},
{
    "__comment": "Madeye",
    "from": [ 1, 8.5, 13.5 ],
    "to": [ 10, 10.5, 15 ],
    "faces": {
        "down":  { "uv": [ 8.999, 2.999, 0.001, 2.501 ], "texture": "#texture" },
        "up":    { "uv": [ 0.001, 0.001, 8.999, 0.499 ], "texture": "#texture" },
        "north": { "uv": [ 0.001, 0.501, 8.999, 2.499 ], "texture": "#texture" },
        "south": { "uv": [ 0.001, 0.501, 8.999, 2.499 ], "texture": "#texture" },
        "west":  { "uv": [ 0.001, 0.501, 1.499, 2.499 ], "texture": "#texture" },
        "east":  { "uv": [ 0.001, 0.501, 1.499, 2.499 ], "texture": "#texture" }
    }
},
{
    "__comment": "Madeye",
    "from": [ 1, 10.5, 13.5 ],
    "to": [ 1.5, 11, 14.5 ],
    "faces": {
        "up":    { "uv": [ 4.501, 0.001, 5.999, 0.499 ], "rotation": 90, "texture": "#texture" },
        "north": { "uv": [ 12.001, 1.001, 12.499, 1.499 ], "texture": "#texture" },
        "south": { "uv": [ 3.001, 1.001, 3.499, 1.499 ], "texture": "#texture" },
        "east":  { "uv": [ 4.001, 1.001, 4.999, 1.499 ], "texture": "#texture" }
    }
},
{
    "__comment": "Madeye",
    "from": [ 2, 8, 1 ],
    "to": [ 5.5, 10, 2 ],
    "faces": {
        "down":  { "uv": [ 12.999, 2.999, 9.501, 2.501 ], "texture": "#texture" },
        "up":    { "uv": [ 2.001, 0.001, 5.499, 0.499 ], "texture": "#texture" },
        "north": { "uv": [ 8.001, 0.501, 11.499, 2.499 ], "texture": "#texture" },
        "south": { "uv": [ 4.001, 0.501, 7.499, 2.499 ], "texture": "#texture" },
        "east":  { "uv": [ 12.001, 0.501, 12.999, 2.499 ], "texture": "#texture" }
    }
},
{
    "__comment": "Madeye",
    "from": [ 4, 7.5, 1 ],
    "to": [ 14, 8, 2 ],
    "faces": {
        "down":  { "uv": [ 12.499, 2.999, 2.001, 2.501 ], "texture": "#texture" },
        "up":    { "uv": [ 3.501, 0.001, 13.499, 0.499 ], "texture": "#texture" },
        "north": { "uv": [ 3.501, 1.001, 13.499, 1.499 ], "texture": "#texture" },
        "south": { "uv": [ 2.501, 1.001, 12.499, 1.499 ], "texture": "#texture" },
        "west":  { "uv": [ 5.001, 1.001, 5.999, 1.499 ], "texture": "#texture" },
        "east":  { "uv": [ 9.501, 1.001, 10.499, 1.499 ], "texture": "#texture" }
    }
},
{
    "__comment": "Madeye",
    "from": [ 5.5, 8, 1 ],
    "to": [ 8.5, 9.5, 2 ],
    "faces": {
        "up":    { "uv": [ 5.001, 0.001, 7.499, 0.499 ], "texture": "#texture" },
        "north": { "uv": [ 6.501, 1.001, 9.499, 2.499 ], "texture": "#texture" },
        "south": { "uv": [ 7.501, 0.501, 10.499, 1.999 ], "texture": "#texture" },
        "east":  { "uv": [ 13.501, 0.501, 14.499, 1.999 ], "texture": "#texture" }
    }
},
{
    "__comment": "Madeye",
    "from": [ 7, 7, 1 ],
    "to": [ 14, 7.5, 2 ],
    "faces": {
        "down":  { "uv": [ 8.999, 2.999, 2.001, 2.501 ], "texture": "#texture" },
        "north": { "uv": [ 4.001, 1.001, 10.999, 1.499 ], "texture": "#texture" },
        "south": { "uv": [ 6.001, 1.001, 12.999, 1.499 ], "texture": "#texture" },
        "west":  { "uv": [ 5.001, 1.001, 5.999, 1.499 ], "texture": "#texture" },
        "east":  { "uv": [ 6.001, 1.001, 6.999, 1.499 ], "texture": "#texture" }
    }
},
{
    "__comment": "Madeye",
    "from": [ 8, 10.5, 13.5 ],
    "to": [ 14, 11, 15 ],
    "faces": {
        "down":  { "uv": [ 5.999, 2.999, 0.001, 2.501 ], "texture": "#texture" },
        "up":    { "uv": [ 0.001, 0.001, 5.999, 0.499 ], "texture": "#texture" },
        "north": { "uv": [ 2.001, 0.501, 7.999, 0.999 ], "texture": "#texture" },
        "south": { "uv": [ 7.501, 0.501, 13.499, 0.999 ], "texture": "#texture" },
        "west":  { "uv": [ 12.501, 0.501, 13.999, 0.999 ], "texture": "#texture" },
        "east":  { "uv": [ 1.001, 0.501, 2.499, 0.999 ], "texture": "#texture" }
    }
},
{
    "__comment": "Madeye",
    "from": [ 8.5, 8, 1 ],
    "to": [ 11, 9, 2 ],
    "faces": {
        "up":    { "uv": [ 7.501, 0.001, 9.999, 0.499 ], "texture": "#texture" },
        "north": { "uv": [ 4.001, 0.501, 6.499, 1.499 ], "texture": "#texture" },
        "south": { "uv": [ 8.501, 1.001, 10.999, 1.999 ], "texture": "#texture" },
        "east":  { "uv": [ 10.501, 1.001, 11.499, 1.999 ], "texture": "#texture" }
    }
},
{
    "__comment": "Madeye",
    "from": [ 9.5, 6.5, 1 ],
    "to": [ 14, 7, 2 ],
    "faces": {
        "down":  { "uv": [ 6.499, 2.999, 2.501, 2.501 ], "texture": "#texture" },
        "north": { "uv": [ 2.001, 1.501, 6.499, 1.999 ], "texture": "#texture" },
        "south": { "uv": [ 4.501, 1.001, 8.999, 1.499 ], "texture": "#texture" },
        "west":  { "uv": [ 3.001, 1.501, 3.999, 1.999 ], "texture": "#texture" },
        "east":  { "uv": [ 5.001, 1.501, 5.999, 1.999 ], "texture": "#texture" }
    }
},
{
    "__comment": "Madeye",
    "from": [ 10, 9, 13.5 ],
    "to": [ 14, 10.5, 15 ],
    "faces": {
        "down":  { "uv": [ 7.499, 2.999, 4.001, 2.501 ], "texture": "#texture" },
        "north": { "uv": [ 3.501, 0.501, 7.499, 1.999 ], "texture": "#texture" },
        "south": { "uv": [ 8.501, 1.001, 12.499, 2.499 ], "texture": "#texture" },
        "east":  { "uv": [ 3.501, 0.501, 4.999, 1.999 ], "texture": "#texture" }
    }
},
{
    "__comment": "Madeye",
    "from": [ 10, 8.5, 14 ],
    "to": [ 10.5, 9, 15 ],
    "faces": {
        "down":  { "uv": [ 7.499, 2.999, 6.501, 2.501 ], "texture": "#texture" },
        "north": { "uv": [ 5.501, 1.501, 5.999, 1.999 ], "texture": "#texture" },
        "south": { "uv": [ 10.001, 1.501, 10.499, 1.999 ], "texture": "#texture" },
        "east":  { "uv": [ 3.501, 1.501, 4.499, 1.999 ], "texture": "#texture" }
    }
},
{
    "__comment": "Madeye",
    "from": [ 11, 8, 1 ],
    "to": [ 13, 8.5, 2 ],
    "faces": {
        "up":    { "uv": [ 9.501, 0.001, 11.499, 0.499 ], "texture": "#texture" },
        "north": { "uv": [ 5.501, 0.501, 7.499, 0.999 ], "texture": "#texture" },
        "south": { "uv": [ 9.501, 1.001, 11.499, 1.499 ], "texture": "#texture" },
        "east":  { "uv": [ 11.501, 1.501, 12.499, 1.999 ], "texture": "#texture" }
    }
},
{
    "__comment": "Madeye",
    "from": [ 11, 6, 1.5 ],
    "to": [ 14, 6.5, 2 ],
    "faces": {
        "down":  { "uv": [ 4.999, 2.999, 2.001, 2.501 ], "texture": "#texture" },
        "north": { "uv": [ 5.501, 1.501, 8.499, 1.999 ], "texture": "#texture" },
        "south": { "uv": [ 8.501, 1.501, 11.499, 1.999 ], "texture": "#texture" },
        "west":  { "uv": [ 4.001, 0.501, 4.499, 0.999 ], "texture": "#texture" },
        "east":  { "uv": [ 9.001, 1.501, 9.499, 1.999 ], "texture": "#texture" }
    }
},
{
    "__comment": "Madeye",
    "from": [ 11.5, 6, 1 ],
    "to": [ 14, 6.5, 1.5 ],
    "faces": {
        "down":  { "uv": [ 4.499, 2.999, 2.001, 2.501 ], "texture": "#texture" },
        "north": { "uv": [ 5.001, 1.501, 7.499, 1.999 ], "texture": "#texture" },
        "west":  { "uv": [ 5.501, 1.001, 5.999, 1.499 ], "texture": "#texture" },
        "east":  { "uv": [ 6.501, 1.001, 6.999, 1.499 ], "texture": "#texture" }
    }
},
{
    "__comment": "Madeye",
    "from": [ 11.5, 11, 13.5 ],
    "to": [ 14, 11.5, 14.5 ],
    "faces": {
        "up":    { "uv": [ 1.001, 0.001, 3.499, 0.499 ], "texture": "#texture" },
        "north": { "uv": [ 0.501, 0.501, 2.999, 0.999 ], "texture": "#texture" },
        "south": { "uv": [ 10.501, 0.501, 12.999, 0.999 ], "texture": "#texture" },
        "west":  { "uv": [ 0.501, 0.501, 1.499, 0.999 ], "texture": "#texture" },
        "east":  { "uv": [ 2.001, 0.501, 2.999, 0.999 ], "texture": "#texture" }
    }
},
{
    "__comment": "Madeye",
    "from": [ 12, 11, 14.5 ],
    "to": [ 14, 11.5, 15 ],
    "faces": {
        "up":    { "uv": [ 9.001, 0.001, 10.999, 0.499 ], "texture": "#texture" },
        "south": { "uv": [ 11.001, 0.501, 12.999, 0.999 ], "texture": "#texture" },
        "west":  { "uv": [ 12.001, 0.501, 12.499, 0.999 ], "texture": "#texture" },
        "east":  { "uv": [ 2.001, 0.501, 2.499, 0.999 ], "texture": "#texture" }
    }
},
{
    "__comment": "Madeye",
    "from": [ 12.5, 5.5, 1.5 ],
    "to": [ 13.5, 6, 2 ],
    "faces": {
        "down":  { "uv": [ 2.999, 2.999, 2.001, 2.501 ], "texture": "#texture" },
        "north": { "uv": [ 6.001, 1.001, 6.999, 1.499 ], "texture": "#texture" },
        "south": { "uv": [ 8.501, 1.501, 9.499, 1.999 ], "texture": "#texture" },
        "west":  { "uv": [ 6.501, 0.501, 6.999, 0.999 ], "texture": "#texture" },
        "east":  { "uv": [ 11.501, 1.501, 11.999, 1.999 ], "texture": "#texture" }
    }
},
{
    "__comment": "Madeye",
    "from": [ 12.5, 9, 6.5 ],
    "to": [ 14, 10, 13.5 ],
    "faces": {
        "down":  { "uv": [ 13.999, 2.999, 3.501, 2.501 ], "rotation": 90, "texture": "#texture" },
        "up":    { "uv": [ 4.001, 0.001, 14.499, 0.499 ], "rotation": 90, "texture": "#texture" },
        "north": { "uv": [ 4.501, 1.001, 5.999, 1.999 ], "texture": "#texture" },
        "west":  { "uv": [ 5.001, 1.001, 11.999, 1.999 ], "texture": "#texture" },
        "east":  { "uv": [ 4.001, 1.001, 10.999, 1.999 ], "texture": "#texture" }
    }
},
{
    "__comment": "Madeye",
    "from": [ 12.5, 8, 7 ],
    "to": [ 14, 9, 8.5 ],
    "faces": {
        "down":  { "uv": [ 3.999, 2.999, 2.501, 2.501 ], "texture": "#texture" },
        "north": { "uv": [ 5.001, 1.001, 6.499, 1.999 ], "texture": "#texture" },
        "south": { "uv": [ 4.001, 1.001, 5.499, 1.999 ], "texture": "#texture" },
        "west":  { "uv": [ 5.501, 0.501, 6.999, 1.499 ], "texture": "#texture" },
        "east":  { "uv": [ 5.001, 0.501, 6.499, 1.499 ], "texture": "#texture" }
    }
},
{
    "__comment": "Madeye",
    "from": [ 12.5, 10, 7.5 ],
    "to": [ 14, 10.5, 13.5 ],
    "faces": {
        "up":    { "uv": [ 5.001, 0.001, 13.499, 0.499 ], "rotation": 90, "texture": "#texture" },
        "north": { "uv": [ 2.501, 1.501, 3.999, 1.999 ], "texture": "#texture" },
        "west":  { "uv": [ 6.001, 1.001, 11.999, 1.499 ], "texture": "#texture" },
        "east":  { "uv": [ 3.501, 2.001, 9.499, 2.499 ], "texture": "#texture" }
    }
},
{
    "__comment": "Madeye",
    "from": [ 12.5, 8.5, 8.5 ],
    "to": [ 14, 9, 10 ],
    "faces": {
        "down":  { "uv": [ 2.999, 2.999, 1.501, 2.501 ], "rotation": 90, "texture": "#texture" },
        "south": { "uv": [ 10.501, 1.501, 11.999, 1.999 ], "texture": "#texture" },
        "west":  { "uv": [ 7.501, 1.001, 8.999, 1.499 ], "texture": "#texture" },
        "east":  { "uv": [ 5.001, 1.001, 6.499, 1.499 ], "texture": "#texture" }
    }
},
{
    "__comment": "Madeye",
    "from": [ 12.5, 10.5, 9 ],
    "to": [ 14, 11, 13.5 ],
    "faces": {
        "up":    { "uv": [ 3.501, 0.001, 11.999, 0.499 ], "rotation": 90, "texture": "#texture" },
        "north": { "uv": [ 4.001, 0.501, 5.499, 0.999 ], "texture": "#texture" },
        "west":  { "uv": [ 6.501, 1.001, 10.999, 1.499 ], "texture": "#texture" },
        "east":  { "uv": [ 4.001, 1.001, 8.499, 1.499 ], "texture": "#texture" }
    }
},
{
    "__comment": "Madeye",
    "from": [ 12.5, 11, 12 ],
    "to": [ 13, 11.5, 13.5 ],
    "faces": {
        "up":    { "uv": [ 0.501, 0.001, 2.499, 0.499 ], "rotation": 90, "texture": "#texture" },
        "north": { "uv": [ 11.001, 0.501, 11.499, 0.999 ], "texture": "#texture" },
        "west":  { "uv": [ 10.501, 0.501, 11.999, 0.999 ], "texture": "#texture" },
        "east":  { "uv": [ 9.501, 0.501, 10.999, 0.999 ], "texture": "#texture" }
    }
},
{
    "__comment": "Madeye",
    "from": [ 13, 5.5, 1 ],
    "to": [ 14, 6, 1.5 ],
    "faces": {
        "down":  { "uv": [ 2.999, 2.999, 2.001, 2.501 ], "texture": "#texture" },
        "north": { "uv": [ 6.501, 0.501, 7.499, 0.999 ], "texture": "#texture" },
        "south": { "uv": [ 8.001, 0.501, 8.999, 0.999 ], "texture": "#texture" },
        "west":  { "uv": [ 4.501, 0.501, 4.999, 0.999 ], "texture": "#texture" },
        "east":  { "uv": [ 10.001, 1.501, 10.499, 1.999 ], "texture": "#texture" }
    }
},
{
    "__comment": "Madeye",
    "from": [ 13, 6, 2 ],
    "to": [ 14, 8, 8 ],
    "faces": {
        "down":  { "uv": [ 2.999, 15.999, 2.001, 10.001 ], "texture": "#texture" },
        "up":    { "uv": [ 2.001, 9.501, 2.999, 15.499 ], "texture": "#texture" },
        "north": { "uv": [ 1.001, 12.501, 1.999, 14.499 ], "texture": "#texture" },
        "south": { "uv": [ 1.001, 9.001, 1.999, 10.999 ], "texture": "#texture" },
        "west":  { "uv": [ 0.001, 11.501, 5.999, 13.499 ], "texture": "#texture" },
        "east":  { "uv": [ 0.001, 10.501, 5.999, 12.499 ], "texture": "#texture" }
    }
},
{
    "__comment": "Madeye",
    "from": [ 13, 8, 2 ],
    "to": [ 14, 8.5, 7 ],
    "faces": {
        "up":    { "uv": [ 1.501, 9.501, 2.499, 14.499 ], "texture": "#texture" },
        "north": { "uv": [ 0.501, 13.501, 1.499, 13.999 ], "texture": "#texture" },
        "west":  { "uv": [ 0.501, 12.501, 5.499, 12.999 ], "texture": "#texture" },
        "east":  { "uv": [ 2.001, 12.501, 6.999, 12.999 ], "texture": "#texture" }
    }
},
{
    "__comment": "Madeye",
    "from": [ 13, 5.5, 2.5 ],
    "to": [ 15, 6, 7.5 ],
    "faces": {
        "down":  { "uv": [ 3.499, 14.999, 1.501, 10.001 ], "texture": "#texture" },
        "up":    { "uv": [ 0.501, 9.501, 2.499, 14.499 ], "texture": "#texture" },
        "north": { "uv": [ 0.001, 11.001, 1.999, 11.499 ], "texture": "#texture" },
        "south": { "uv": [ 0.001, 11.501, 1.999, 11.999 ], "texture": "#texture" },
        "west":  { "uv": [ 0.001, 10.501, 4.999, 10.999 ], "texture": "#texture" },
        "east":  { "uv": [ 0.501, 13.001, 5.499, 13.499 ], "texture": "#texture" }
    }
},
{
    "__comment": "Madeye",
    "from": [ 13, 8.5, 2.5 ],
    "to": [ 15, 9, 7 ],
    "faces": {
        "down":  { "uv": [ 3.499, 14.999, 1.501, 10.501 ], "texture": "#texture" },
        "up":    { "uv": [ 2.001, 10.001, 3.999, 14.499 ], "texture": "#texture" },
        "north": { "uv": [ 1.001, 11.501, 2.999, 11.999 ], "texture": "#texture" },
        "south": { "uv": [ 3.501, 12.001, 5.499, 12.499 ], "texture": "#texture" },
        "west":  { "uv": [ 0.001, 13.001, 4.499, 13.499 ], "texture": "#texture" },
        "east":  { "uv": [ 1.501, 11.501, 5.999, 11.999 ], "texture": "#texture" }
    }
},
{
    "__comment": "Madeye",
    "from": [ 13, 9, 2.5 ],
    "to": [ 15, 9.5, 6.5 ],
    "faces": {
        "up":    { "uv": [ 3.001, 9.001, 4.999, 12.999 ], "texture": "#texture" },
        "north": { "uv": [ 0.501, 10.001, 2.499, 10.499 ], "texture": "#texture" },
        "south": { "uv": [ 2.501, 11.001, 4.499, 11.499 ], "texture": "#texture" },
        "west":  { "uv": [ 0.501, 11.501, 4.499, 11.999 ], "texture": "#texture" },
        "east":  { "uv": [ 1.501, 12.001, 5.499, 12.499 ], "texture": "#texture" }
    }
},
{
    "__comment": "Madeye",
    "from": [ 13, 5, 3 ],
    "to": [ 15, 5.5, 7 ],
    "faces": {
        "down":  { "uv": [ 3.499, 14.499, 1.501, 10.501 ], "texture": "#texture" },
        "north": { "uv": [ 0.501, 10.501, 2.499, 10.999 ], "texture": "#texture" },
        "south": { "uv": [ 2.001, 12.001, 3.999, 12.499 ], "texture": "#texture" },
        "west":  { "uv": [ 0.501, 11.501, 4.499, 11.999 ], "texture": "#texture" },
        "east":  { "uv": [ 1.001, 10.501, 4.999, 10.999 ], "texture": "#texture" }
    }
},
{
    "__comment": "Madeye",
    "from": [ 13, 9.5, 3 ],
    "to": [ 15, 10, 6.5 ],
    "faces": {
        "up":    { "uv": [ 4.001, 9.501, 5.999, 12.999 ], "texture": "#texture" },
        "north": { "uv": [ 1.501, 12.501, 3.499, 12.999 ], "texture": "#texture" },
        "south": { "uv": [ 1.501, 12.001, 3.499, 12.499 ], "texture": "#texture" },
        "west":  { "uv": [ 1.001, 11.001, 4.499, 11.499 ], "texture": "#texture" },
        "east":  { "uv": [ 0.501, 11.501, 3.999, 11.999 ], "texture": "#texture" }
    }
},
{
    "__comment": "Madeye",
    "from": [ 13, 4.5, 4 ],
    "to": [ 15, 5, 6.5 ],
    "faces": {
        "down":  { "uv": [ 2.999, 12.499, 1.001, 10.001 ], "texture": "#texture" },
        "north": { "uv": [ 1.001, 11.001, 2.999, 11.499 ], "texture": "#texture" },
        "south": { "uv": [ 0.001, 13.001, 1.999, 13.499 ], "texture": "#texture" },
        "west":  { "uv": [ 1.001, 11.001, 3.499, 11.499 ], "texture": "#texture" },
        "east":  { "uv": [ 0.501, 12.501, 2.999, 12.999 ], "texture": "#texture" }
    }
},
{
    "__comment": "Madeye",
    "from": [ 13, 10, 4 ],
    "to": [ 15, 10.5, 6.5 ],
    "faces": {
        "up":    { "uv": [ 1.001, 10.501, 2.999, 12.999 ], "texture": "#texture" },
        "north": { "uv": [ 0.501, 11.001, 2.499, 11.499 ], "texture": "#texture" },
        "south": { "uv": [ 2.501, 11.501, 4.499, 11.999 ], "texture": "#texture" },
        "west":  { "uv": [ 1.001, 10.501, 3.499, 10.999 ], "texture": "#texture" },
        "east":  { "uv": [ 1.501, 11.001, 3.999, 11.499 ], "texture": "#texture" }
    }
},
{
    "__comment": "Madeye",
    "from": [ 13, 11, 12.5 ],
    "to": [ 14, 11.5, 13.5 ],
    "faces": {
        "up":    { "uv": [ 6.501, 0.001, 7.499, 0.499 ], "texture": "#texture" },
        "north": { "uv": [ 4.501, 1.001, 5.499, 1.499 ], "texture": "#texture" },
        "east":  { "uv": [ 3.001, 1.501, 3.999, 1.999 ], "texture": "#texture" }
    }
},
{
    "__comment": "Madeye",
    "from": [ 14, 7, 2 ],
    "to": [ 15, 8, 8 ],
    "faces": {
        "down":  { "uv": [ 2.499, 15.999, 1.501, 10.001 ], "texture": "#texture" },
        "up":    { "uv": [ 0.501, 10.001, 1.499, 15.999 ], "texture": "#texture" },
        "north": { "uv": [ 1.001, 12.001, 1.999, 12.999 ], "texture": "#texture" },
        "south": { "uv": [ 1.501, 11.001, 2.499, 11.999 ], "texture": "#texture" },
        "east":  { "uv": [ 0.501, 12.001, 6.499, 12.999 ], "texture": "#texture" }
    }
},
{
    "__comment": "Madeye",
    "from": [ 14, 6, 2.5 ],
    "to": [ 15, 7, 8 ],
    "faces": {
        "down":  { "uv": [ 2.499, 15.999, 1.501, 10.501 ], "texture": "#texture" },
        "north": { "uv": [ 1.501, 11.501, 2.499, 12.499 ], "texture": "#texture" },
        "south": { "uv": [ 3.001, 10.501, 3.999, 11.499 ], "texture": "#texture" },
        "east":  { "uv": [ 0.001, 13.001, 5.499, 13.999 ], "texture": "#texture" }
    }
},
{
    "__comment": "Madeye",
    "from": [ 14, 8, 2.5 ],
    "to": [ 15, 8.5, 8 ],
    "faces": {
        "up":    { "uv": [ 2.001, 9.501, 2.999, 14.999 ], "texture": "#texture" },
        "north": { "uv": [ 1.001, 11.501, 1.999, 11.999 ], "texture": "#texture" },
        "south": { "uv": [ 2.001, 12.501, 2.999, 12.999 ], "texture": "#texture" },
        "west":  { "uv": [ 0.001, 12.501, 5.499, 12.999 ], "texture": "#texture" },
        "east":  { "uv": [ 0.001, 13.001, 5.499, 13.499 ], "texture": "#texture" }
    }
},
{
    "__comment": "Madeye",
    "from": [ 14, 9, 6.5 ],
    "to": [ 15, 9.5, 7.5 ],
    "faces": {
        "down":  { "uv": [ 2.499, 13.999, 1.501, 13.001 ], "texture": "#texture" },
        "up":    { "uv": [ 3.001, 13.001, 3.999, 13.999 ], "texture": "#texture" },
        "south": { "uv": [ 3.001, 12.501, 3.999, 12.999 ], "texture": "#texture" },
        "east":  { "uv": [ 2.001, 12.501, 2.999, 12.999 ], "texture": "#texture" }
    }
},
{
    "__comment": "Madeye",
    "from": [ 14, 9.5, 6.5 ],
    "to": [ 15, 10, 7 ],
    "faces": {
        "up":    { "uv": [ 5.001, 11.001, 5.999, 11.499 ], "texture": "#texture" },
        "south": { "uv": [ 3.001, 10.501, 3.999, 10.999 ], "texture": "#texture" },
        "east":  { "uv": [ 3.001, 12.001, 3.499, 12.499 ], "texture": "#texture" }
    }
},
{
    "__comment": "Madeye",
    "from": [ 14, 8.5, 7 ],
    "to": [ 15, 9, 8 ],
    "faces": {
        "up":    { "uv": [ 2.501, 11.001, 3.499, 11.999 ], "texture": "#texture" },
        "south": { "uv": [ 4.001, 11.001, 4.999, 11.499 ], "texture": "#texture" },
        "east":  { "uv": [ 0.501, 12.501, 1.499, 12.999 ], "texture": "#texture" }
    }
},
{
    "__comment": "Madeye",
    "from": [ 15, 6.5, 3 ],
    "to": [ 15.5, 8.5, 7 ],
    "faces": {
        "down":  { "uv": [ 12.999, 14.999, 11.501, 14.501 ], "texture": "#hat_auror2" },
        "up":    { "uv": [ 11.001, 10.001, 11.999, 10.499 ], "texture": "#hat_auror2" },
        "north": { "uv": [ 11.001, 14.501, 11.499, 14.999 ], "texture": "#hat_auror2" },
        "south": { "uv": [ 12.501, 14.501, 12.999, 14.999 ], "texture": "#hat_auror2" },
        "west":  { "uv": [ 10.001, 11.001, 13.999, 12.999 ], "texture": "#hat_auror2" },
        "east":  { "uv": [ 10.001, 11.501, 14.499, 13.499 ], "texture": "#hat_auror2" }
    }
},
{
    "__comment": "Madeye",
    "from": [ 15, 6, 3.5 ],
    "to": [ 15.5, 6.5, 7 ],
    "faces": {
        "down":  { "uv": [ 13.499, 14.499, 13.001, 11.001 ], "texture": "#hat_auror2" },
        "north": { "uv": [ 10.001, 12.501, 10.499, 12.999 ], "texture": "#hat_auror2" },
        "south": { "uv": [ 10.001, 12.001, 10.499, 12.499 ], "texture": "#hat_auror2" },
        "east":  { "uv": [ 10.001, 14.001, 13.999, 14.499 ], "texture": "#hat_auror2" }
    }
},
{
    "__comment": "Madeye",
    "from": [ 15, 8.5, 3.5 ],
    "to": [ 15.5, 9, 7 ],
    "faces": {
        "up":    { "uv": [ 11.001, 10.001, 12.999, 10.499 ], "texture": "#hat_auror2" },
        "north": { "uv": [ 11.001, 10.001, 11.499, 10.499 ], "texture": "#hat_auror2" },
        "south": { "uv": [ 11.001, 10.001, 11.499, 10.499 ], "texture": "#hat_auror2" },
        "east":  { "uv": [ 11.001, 14.501, 11.499, 14.999 ], "texture": "#hat_auror2" }
    }
},
{
    "__comment": "Madeye",
    "from": [ 15, 5.5, 4 ],
    "to": [ 15.5, 6, 6.5 ],
    "faces": {
        "down":  { "uv": [ 11.001, 14.999, 12.999, 14.501 ], "rotation": 90, "texture": "#hat_auror2" },
        "north": { "uv": [ 10.001, 14.001, 10.499, 14.499 ], "texture": "#hat_auror2" },
        "south": { "uv": [ 10.001, 14.001, 10.499, 14.499 ], "texture": "#hat_auror2" },
        "east":  { "uv": [ 10.501, 14.001, 13.999, 14.499 ], "texture": "#hat_auror2" }
    }
},
{
    "__comment": "Madeye",
    "from": [ 15, 9, 4 ],
    "to": [ 15.5, 9.5, 6.5 ],
    "faces": {
        "up":    { "uv": [ 11.001, 10.001, 12.999, 10.499 ], "texture": "#hat_auror2" },
        "north": { "uv": [ 11.001, 14.501, 11.499, 14.999 ], "texture": "#hat_auror2" },
        "south": { "uv": [ 12.501, 14.501, 12.999, 14.999 ], "texture": "#hat_auror2" },
        "east":  { "uv": [ 11.001, 10.001, 12.999, 10.499 ], "texture": "#hat_auror2" }
    }
},
{
    "__comment": "Madeye",
    "from": [ 15, 7, 7 ],
    "to": [ 15.5, 8, 7.5 ],
    "faces": {
        "down":  { "uv": [ 11.999, 14.999, 11.501, 14.501 ], "texture": "#hat_auror2" },
        "up":    { "uv": [ 11.501, 10.001, 11.999, 10.499 ], "texture": "#hat_auror2" },
        "south": { "uv": [ 12.501, 14.501, 12.999, 14.999 ], "texture": "#hat_auror2" },
        "east":  { "uv": [ 11.001, 14.501, 11.499, 14.999 ], "texture": "#hat_auror2" }
    }
},
{
    "__comment": "Madeye",
    "from": [ 15.5, 6.5, 3.5 ],
    "to": [ 16, 8.5, 6.5 ],
    "faces": {
        "down":  { "uv": [ 12.499, 14.999, 11.001, 14.501 ], "texture": "#hat_auror2" },
        "up":    { "uv": [ 11.001, 10.001, 12.999, 10.499 ], "texture": "#hat_auror2" },
        "north": { "uv": [ 9.501, 11.501, 9.999, 13.499 ], "texture": "#hat_auror2" },
        "south": { "uv": [ 14.001, 11.501, 14.499, 13.499 ], "texture": "#hat_auror2" },
        "east":  { "uv": [ 10.501, 11.001, 13.499, 12.999 ], "texture": "#hat_auror2", "cullface": "east" }
    }
},
{
    "__comment": "Madeye",
    "from": [ 15.5, 6, 4 ],
    "to": [ 16, 6.5, 6.5 ],
    "faces": {
        "down":  { "uv": [ 12.999, 14.999, 11.001, 14.501 ], "texture": "#hat_auror2" },
        "north": { "uv": [ 13.501, 13.501, 13.999, 13.999 ], "texture": "#hat_auror2" },
        "south": { "uv": [ 9.501, 13.001, 9.999, 13.499 ], "texture": "#hat_auror2" },
        "east":  { "uv": [ 10.501, 13.001, 12.999, 13.499 ], "texture": "#hat_auror2", "cullface": "east" }
    }
},
{
    "__comment": "Madeye",
    "from": [ 15.5, 8.5, 4 ],
    "to": [ 16, 9, 6.5 ],
    "faces": {
        "up":    { "uv": [ 11.001, 10.001, 12.499, 10.499 ], "texture": "#hat_auror2" },
        "north": { "uv": [ 14.001, 11.501, 14.499, 11.999 ], "texture": "#hat_auror2" },
        "south": { "uv": [ 9.501, 11.501, 9.999, 11.999 ], "texture": "#hat_auror2" },
        "east":  { "uv": [ 10.501, 10.501, 12.999, 10.999 ], "texture": "#hat_auror2", "cullface": "east" }
    }
},
{
    "__comment": "Madeye",
    "from": [ 15.5, 7, 6.5 ],
    "to": [ 16, 8.5, 7 ],
    "faces": {
        "down":  { "uv": [ 11.999, 14.999, 11.501, 14.501 ], "texture": "#hat_auror2" },
        "up":    { "uv": [ 11.001, 10.001, 11.499, 10.499 ], "texture": "#hat_auror2" },
        "south": { "uv": [ 11.001, 14.501, 11.499, 14.999 ], "texture": "#hat_auror2" },
        "east":  { "uv": [ 10.001, 11.001, 10.499, 12.999 ], "texture": "#hat_auror2", "cullface": "east" }
    }
}
],
"display": {
    "firstperson_righthand": {
        "rotation": [ 0, -180, 0 ],
        "scale": [ 0.55, 0.55, 0.55 ]
    },
    "firstperson_lefthand": {
        "rotation": [ 0, -180, 0 ],
        "scale": [ 0.55, 0.55, 0.55 ]
    },
    "thirdperson_lefthand": {
        "rotation": [ 180, -45, 0 ],
        "translation": [ 0, 1, -2.5 ],
        "scale": [ 0.5, 0.5, 0.5 ]
    },
    "thirdperson_righthand": {
        "rotation": [ 180, -45, 0 ],
        "translation": [ 0, 1, -2.5 ],
        "scale": [ 0.5, 0.5, 0.5 ]
    },
    "thirdperson": {
        "rotation": [ -91, 0, 0 ],
        "translation": [ 0, 0.5, -2.9 ],
        "scale": [ 0.5, 0.5, 0.5 ]
    },
    "thirdperson": {
        "rotation": [ 0, 90, 0 ],
        "translation": [ -0.1, 1.1, -0.6 ],
        "scale": [ 0.4, 0.4, 0.4 ]
    },
    "head": {
        "rotation": [ 0, 90, 0 ],
        "translation": [ 0, 0.6, -0.6 ],
        "scale": [ 1.25, 1.25, 1.25 ]
    },
    "ground": {
        "rotation": [ 0, 0, 0 ],
        "translation": [ 0, -6, 0 ],
        "scale": [ 2, 2, 2 ]
    },
    "fixed": {
        "rotation": [ 0, 90, 0 ],
        "translation": [ 0, 0.4, 3.5 ],
        "scale": [ 2, 2, 2 ]
    },
    "firstperson": {
        "rotation": [ 3, 132, 21 ],
        "translation": [ 0, 4, 2 ],
        "scale": [ 1.7, 1.7, 1.7 ]
    },
    "gui": {
        "rotation": [ 0, 21, 0 ],
        "translation": [ 0.1, -0.1, 0.1 ],
        "scale": [ 1.1, 1.1, 1.1 ]
    }
}
}