{
    "parent": "item/handheld",
    "textures": {
        "layer0": "items/diamond_sword"
    },
    "display": {
        "thirdperson_righthand": {
            "rotation": [ 45, 90, 0 ],
            "translation": [ 0, 6, 3 ],
            "scale": [ 1.3, 1.3, 1.0 ]
        },
        "thirdperson_lefthand": {
            "rotation": [ -45, 90, 0 ],
            "translation": [ 0, 6, 3 ],
            "scale": [ 1.3, 1.3, 1.3 ]
        },
        "firstperson": {
            "rotation": [ 0, 0, 0 ],
            "translation": [ 0, 0, 0 ],
            "scale": [ 1.7, 1.7, 1.7 ]
        }
    }
}
