{
"__comment": "Created by Droobledore with BDcraft Cubik PRO 0.93 Beta",
"ambientocclusion": false,
"textures": {
    "texture": "items/lightsaber",
    "lightsaber_glow": "items/glow_flow_green"
},
"elements": [ 
{
    "__comment": "Lightsaber",
    "from": [ 7.625, 4.375, 7.625 ],
    "to": [ 8.375, 4.625, 8.25 ],
    "faces": {
        "down":  { "uv": [ 9.001, 0.501, 9.499, 0.999 ], "texture": "#texture" },
        "up":    { "uv": [ 13.501, 0.001, 13.999, 0.499 ], "texture": "#texture" },
        "north": { "uv": [ 13.001, 0.501, 15.499, 0.999 ], "texture": "#texture" },
        "south": { "uv": [ 13.001, 0.501, 15.499, 0.999 ], "texture": "#texture" },
        "west":  { "uv": [ 13.001, 0.501, 15.499, 0.999 ], "texture": "#texture" },
        "east":  { "uv": [ 13.001, 0.501, 15.499, 0.999 ], "texture": "#texture" }
    }
},
{
    "__comment": "Lightsaber",
    "from": [ 7.625, 0.125, 7.75 ],
    "to": [ 8.375, 0.375, 8.125 ],
    "faces": {
        "down":  { "uv": [ 9.499, 1.499, 8.751, 1.126 ], "texture": "#texture" },
        "up":    { "uv": [ 13.501, 0.001, 14.249, 0.374 ], "texture": "#texture" },
        "north": { "uv": [ 13.001, 14.001, 15.499, 15.499 ], "texture": "#texture" },
        "south": { "uv": [ 13.001, 14.001, 15.499, 15.499 ], "texture": "#texture" },
        "west":  { "uv": [ 13.001, 14.001, 15.499, 15.499 ], "texture": "#texture" },
        "east":  { "uv": [ 13.001, 14.001, 15.499, 15.499 ], "texture": "#texture" }
    }
},
{
    "__comment": "Lightsaber",
    "from": [ 7.625, 0.625, 7.75 ],
    "to": [ 8.375, 2, 8.125 ],
    "faces": {
        "down":  { "uv": [ 9.999, 7.499, 9.251, 7.126 ], "texture": "#texture" },
        "up":    { "uv": [ 14.001, 0.001, 14.749, 0.374 ], "texture": "#texture" },
        "north": { "uv": [ 12.501, 9.001, 15.999, 12.999 ], "texture": "#texture" },
        "south": { "uv": [ 12.501, 9.001, 15.999, 12.999 ], "texture": "#texture" },
        "west":  { "uv": [ 12.501, 9.001, 15.999, 12.999 ], "texture": "#texture" },
        "east":  { "uv": [ 12.501, 9.001, 15.999, 12.999 ], "texture": "#texture" }
    }
},
{
    "__comment": "Lightsaber",
    "from": [ 7.75, 0.125, 7.625 ],
    "to": [ 8.25, 0.375, 7.75 ],
    "faces": {
        "down":  { "uv": [ 8.249, 7.749, 7.751, 7.626 ], "texture": "#texture" },
        "up":    { "uv": [ 7.751, 7.626, 8.249, 7.749 ], "texture": "#texture" },
        "north": { "uv": [ 7.751, 15.626, 8.249, 15.874 ], "texture": "#texture" },
        "south": { "uv": [ 7.751, 15.626, 8.249, 15.874 ], "texture": "#texture" },
        "west":  { "uv": [ 7.626, 15.626, 7.749, 15.874 ], "texture": "#texture" },
        "east":  { "uv": [ 8.251, 15.626, 8.374, 15.874 ], "texture": "#texture" }
    }
},
{
    "__comment": "Lightsaber",
    "from": [ 7.75, 0.625, 7.625 ],
    "to": [ 8.25, 2, 7.75 ],
    "faces": {
        "down":  { "uv": [ 9.999, 7.499, 9.251, 7.126 ], "texture": "#texture" },
        "up":    { "uv": [ 14.001, 0.001, 14.749, 0.374 ], "texture": "#texture" },
        "north": { "uv": [ 12.501, 9.001, 15.999, 12.999 ], "texture": "#texture" },
        "south": { "uv": [ 12.501, 9.001, 15.999, 12.999 ], "texture": "#texture" },
        "west":  { "uv": [ 12.501, 9.001, 13.499, 12.999 ], "texture": "#texture" },
        "east":  { "uv": [ 12.501, 9.001, 13.499, 12.499 ], "texture": "#texture" }
    }
},
{
    "__comment": "Lightsaber",
    "from": [ 7.75, 0, 7.75 ],
    "to": [ 8.25, 0.125, 8.125 ],
    "faces": {
        "down":  { "uv": [ 8.249, 8.124, 7.751, 7.751 ], "texture": "#texture" },
        "up":    { "uv": [ 7.751, 7.751, 8.249, 8.124 ], "texture": "#texture" },
        "north": { "uv": [ 7.751, 15.876, 8.249, 15.999 ], "texture": "#texture" },
        "south": { "uv": [ 7.751, 15.876, 8.249, 15.999 ], "texture": "#texture" },
        "west":  { "uv": [ 7.751, 15.876, 8.124, 15.999 ], "texture": "#texture" },
        "east":  { "uv": [ 7.876, 15.876, 8.249, 15.999 ], "texture": "#texture" }
    }
},
{
    "__comment": "Lightsaber",
    "from": [ 7.75, 0.375, 7.75 ],
    "to": [ 8.25, 0.625, 8.125 ],
    "faces": {
        "down":  { "uv": [ 7.501, 0.001, 9.499, 0.499 ], "texture": "#texture" },
        "up":    { "uv": [ 13.501, 0.001, 14.999, 0.499 ], "texture": "#texture" },
        "north": { "uv": [ 13.501, 13.001, 14.999, 13.999 ], "texture": "#texture" },
        "south": { "uv": [ 13.501, 13.001, 14.999, 13.999 ], "texture": "#texture" },
        "west":  { "uv": [ 13.501, 13.001, 14.999, 13.999 ], "texture": "#texture" },
        "east":  { "uv": [ 13.501, 13.001, 14.999, 13.999 ], "texture": "#texture" }
    }
},
{
    "__comment": "Lightsaber",
    "from": [ 7.75, 2, 7.75 ],
    "to": [ 8.25, 3.375, 8.125 ],
    "faces": {
        "down":  { "uv": [ 7.751, 7.751, 8.249, 8.124 ], "texture": "#texture" },
        "up":    { "uv": [ 14.001, 0.001, 14.499, 0.374 ], "texture": "#texture" },
        "north": { "uv": [ 12.501, 4.001, 13.499, 9.499 ], "texture": "#texture" },
        "south": { "uv": [ 12.501, 4.001, 13.499, 9.499 ], "texture": "#texture" },
        "west":  { "uv": [ 13.001, 4.001, 15.499, 9.499 ], "texture": "#texture" },
        "east":  { "uv": [ 13.001, 4.001, 15.499, 9.499 ], "texture": "#texture" }
    }
},
{
    "__comment": "Lightsaber",
    "from": [ 7.75, 3.625, 7.75 ],
    "to": [ 8.25, 3.875, 8.125 ],
    "faces": {
        "down":  { "uv": [ 9.001, 4.001, 10.499, 5.999 ], "texture": "#texture" },
        "up":    { "uv": [ 13.501, 2.001, 14.999, 3.999 ], "texture": "#texture" },
        "north": { "uv": [ 13.501, 3.001, 14.999, 4.499 ], "texture": "#texture" },
        "south": { "uv": [ 13.501, 3.001, 14.999, 4.499 ], "texture": "#texture" },
        "west":  { "uv": [ 13.501, 3.001, 14.999, 4.499 ], "texture": "#texture" },
        "east":  { "uv": [ 13.501, 3.001, 14.999, 4.499 ], "texture": "#texture" }
    }
},
{
    "__comment": "Lightsaber",
    "from": [ 7.75, 4.125, 7.75 ],
    "to": [ 8.25, 4.375, 8.125 ],
    "faces": {
        "down":  { "uv": [ 9.001, 0.501, 9.499, 0.999 ], "texture": "#texture" },
        "up":    { "uv": [ 13.501, 0.001, 13.999, 0.499 ], "texture": "#texture" },
        "north": { "uv": [ 13.001, 1.001, 13.499, 1.999 ], "texture": "#texture" },
        "south": { "uv": [ 13.001, 1.001, 13.499, 1.999 ], "texture": "#texture" },
        "west":  { "uv": [ 13.501, 1.001, 14.999, 1.999 ], "texture": "#texture" },
        "east":  { "uv": [ 13.501, 1.001, 14.999, 1.999 ], "texture": "#texture" }
    }
},
{
    "__comment": "Lightsaber",
    "from": [ 7.75, 4.625, 7.75 ],
    "to": [ 8.25, 4.75, 8.125 ],
    "faces": {
        "down":  { "uv": [ 10.001, 0.001, 10.999, 0.499 ], "texture": "#texture" },
        "up":    { "uv": [ 14.001, 0.001, 14.499, 0.499 ], "texture": "#texture" },
        "north": { "uv": [ 13.501, 0.001, 14.999, 0.499 ], "texture": "#texture" },
        "south": { "uv": [ 13.501, 0.001, 14.999, 0.499 ], "texture": "#texture" },
        "west":  { "uv": [ 13.501, 0.001, 14.999, 0.499 ], "texture": "#texture" },
        "east":  { "uv": [ 13.501, 0.001, 14.999, 0.499 ], "texture": "#texture" }
    }
},
{
    "__comment": "Lightsaber",
    "from": [ 7.75, 0.125, 8.125 ],
    "to": [ 8.25, 0.375, 8.25 ],
    "faces": {
        "down":  { "uv": [ 8.001, 0.001, 8.999, 0.499 ], "texture": "#texture" },
        "up":    { "uv": [ 13.501, 0.001, 14.999, 0.499 ], "texture": "#texture" },
        "north": { "uv": [ 13.001, 14.001, 15.499, 15.499 ], "texture": "#texture" },
        "south": { "uv": [ 13.001, 14.001, 15.499, 15.499 ], "texture": "#texture" },
        "west":  { "uv": [ 13.001, 14.001, 13.499, 15.499 ], "texture": "#texture" },
        "east":  { "uv": [ 13.001, 14.001, 13.499, 15.499 ], "texture": "#texture" }
    }
},
{
    "__comment": "Lightsaber",
    "from": [ 7.75, 0.625, 8.125 ],
    "to": [ 8.25, 2, 8.25 ],
    "faces": {
        "down":  { "uv": [ 9.999, 7.499, 9.251, 7.126 ], "texture": "#texture" },
        "up":    { "uv": [ 14.001, 0.001, 14.749, 0.374 ], "texture": "#texture" },
        "north": { "uv": [ 12.501, 9.001, 15.999, 12.999 ], "texture": "#texture" },
        "south": { "uv": [ 12.501, 9.001, 15.999, 12.999 ], "texture": "#texture" },
        "west":  { "uv": [ 12.501, 9.001, 13.499, 12.999 ], "texture": "#texture" },
        "east":  { "uv": [ 12.501, 9.001, 13.499, 12.999 ], "texture": "#texture" }
    }
},
{
    "__comment": "Lightsaber",
    "from": [ 7.875, 4.375, 7.5 ],
    "to": [ 8.125, 4.625, 7.625 ],
    "faces": {
        "down":  { "uv": [ 6.501, 6.001, 7.999, 6.499 ], "texture": "#texture" },
        "up":    { "uv": [ 13.501, 0.001, 14.999, 0.499 ], "texture": "#texture" },
        "north": { "uv": [ 13.501, 0.501, 14.999, 0.999 ], "texture": "#texture" },
        "south": { "uv": [ 13.501, 0.501, 14.999, 0.999 ], "texture": "#texture" },
        "west":  { "uv": [ 13.001, 0.501, 13.499, 0.999 ], "texture": "#texture" },
        "east":  { "uv": [ 13.001, 0.501, 13.499, 0.999 ], "texture": "#texture" }
    }
},
{
    "__comment": "Lightsaber",
    "from": [ 7.875, 4.125, 7.625 ],
    "to": [ 8.125, 4.375, 7.75 ],
    "faces": {
        "down":  { "uv": [ 9.001, 0.501, 9.499, 0.999 ], "texture": "#texture" },
        "up":    { "uv": [ 13.501, 0.001, 13.999, 0.499 ], "texture": "#texture" },
        "north": { "uv": [ 13.501, 1.001, 14.999, 1.999 ], "texture": "#texture" },
        "south": { "uv": [ 13.501, 1.001, 14.999, 1.999 ], "texture": "#texture" },
        "west":  { "uv": [ 13.001, 1.001, 13.499, 1.999 ], "texture": "#texture" },
        "east":  { "uv": [ 13.001, 1.001, 13.499, 1.999 ], "texture": "#texture" }
    }
},
{
    "__comment": "Lightsaber",
    "from": [ 7.875, 3.375, 7.75 ],
    "to": [ 8.125, 3.625, 8.125 ],
    "faces": {
        "down":  { "uv": [ 13.501, 2.001, 14.999, 3.999 ], "texture": "#texture" },
        "up":    { "uv": [ 13.501, 2.001, 14.999, 3.999 ], "texture": "#texture" },
        "north": { "uv": [ 13.501, 2.001, 14.999, 3.999 ], "texture": "#texture" },
        "south": { "uv": [ 13.501, 2.001, 14.999, 3.999 ], "texture": "#texture" },
        "west":  { "uv": [ 13.501, 2.001, 14.999, 3.999 ], "texture": "#texture" },
        "east":  { "uv": [ 13.501, 2.001, 14.999, 3.999 ], "texture": "#texture" }
    }
},
{
    "__comment": "Lightsaber",
    "from": [ 7.875, 3.875, 7.75 ],
    "to": [ 8.125, 4.125, 8.125 ],
    "faces": {
        "down":  { "uv": [ 13.501, 2.001, 14.999, 3.999 ], "texture": "#texture" },
        "up":    { "uv": [ 13.501, 2.001, 14.999, 3.999 ], "texture": "#texture" },
        "north": { "uv": [ 13.501, 2.001, 14.999, 3.999 ], "texture": "#texture" },
        "south": { "uv": [ 13.501, 2.001, 14.999, 3.999 ], "texture": "#texture" },
        "west":  { "uv": [ 13.501, 2.001, 14.999, 3.999 ], "texture": "#texture" },
        "east":  { "uv": [ 13.501, 2.001, 14.999, 3.999 ], "texture": "#texture" }
    }
},
{
    "__comment": "Lightsaber",
    "from": [ 7.875, 4.625, 7.625 ],
    "to": [ 8.125, 4.75, 7.75 ],
    "faces": {
        "down":  { "uv": [ 10.001, 0.001, 10.999, 0.499 ], "texture": "#texture" },
        "up":    { "uv": [ 14.001, 0.001, 14.499, 0.499 ], "texture": "#texture" },
        "north": { "uv": [ 13.501, 0.001, 14.999, 0.499 ], "texture": "#texture" },
        "south": { "uv": [ 13.501, 0.001, 14.999, 0.499 ], "texture": "#texture" },
        "west":  { "uv": [ 13.501, 0.001, 13.999, 0.499 ], "texture": "#texture" },
        "east":  { "uv": [ 13.501, 0.001, 13.999, 0.499 ], "texture": "#texture" }
    }
},
{
    "__comment": "Lightsaber",
    "from": [ 7.875, 2, 8.125 ],
    "to": [ 8.125, 3.375, 8.25 ],
    "faces": {
        "down":  { "uv": [ 7.751, 7.751, 8.249, 8.124 ], "texture": "#texture" },
        "up":    { "uv": [ 14.001, 0.001, 14.499, 0.374 ], "texture": "#texture" },
        "north": { "uv": [ 13.501, 4.001, 14.999, 9.499 ], "texture": "#texture" },
        "south": { "uv": [ 13.501, 4.001, 14.999, 9.499 ], "texture": "#texture" },
        "west":  { "uv": [ 12.501, 4.001, 13.499, 9.499 ], "texture": "#texture" },
        "east":  { "uv": [ 12.501, 4.001, 13.499, 9.499 ], "texture": "#texture" }
    }
},
{
    "__comment": "Lightsaber",
    "from": [ 7.875, 3.625, 8.125 ],
    "to": [ 8.125, 3.875, 8.25 ],
    "faces": {
        "down":  { "uv": [ 9.001, 4.001, 10.499, 5.999 ], "texture": "#texture" },
        "up":    { "uv": [ 13.501, 2.001, 14.999, 3.999 ], "texture": "#texture" },
        "north": { "uv": [ 14.001, 3.001, 14.499, 4.499 ], "texture": "#texture" },
        "south": { "uv": [ 14.001, 3.001, 14.499, 4.499 ], "texture": "#texture" },
        "west":  { "uv": [ 14.001, 3.001, 14.499, 4.499 ], "texture": "#texture" },
        "east":  { "uv": [ 14.001, 3.001, 14.499, 4.499 ], "texture": "#texture" }
    }
},
{
    "__comment": "Lightsaber",
    "from": [ 7.875, 4.125, 8.125 ],
    "to": [ 8.125, 4.375, 8.25 ],
    "faces": {
        "down":  { "uv": [ 9.001, 0.501, 9.499, 0.999 ], "texture": "#texture" },
        "up":    { "uv": [ 13.501, 0.001, 13.999, 0.499 ], "texture": "#texture" },
        "north": { "uv": [ 13.501, 1.001, 14.999, 1.999 ], "texture": "#texture" },
        "south": { "uv": [ 13.501, 1.001, 14.999, 1.999 ], "texture": "#texture" },
        "west":  { "uv": [ 13.001, 1.001, 13.499, 1.999 ], "texture": "#texture" },
        "east":  { "uv": [ 13.001, 1.001, 13.499, 1.999 ], "texture": "#texture" }
    }
},
{
    "__comment": "Lightsaber",
    "from": [ 7.875, 1.125, 8.25 ],
    "to": [ 8.125, 2, 8.5 ],
    "faces": {
        "down":  { "uv": [ 11.501, 12.001, 12.499, 12.499 ], "rotation": 90, "texture": "#texture" },
        "up":    { "uv": [ 11.501, 9.501, 12.499, 9.999 ], "rotation": 270, "texture": "#texture" },
        "north": { "uv": [ 11.501, 9.501, 11.999, 12.499 ], "texture": "#texture" },
        "south": { "uv": [ 14.001, 4.001, 14.499, 9.499 ], "texture": "#texture" },
        "west":  { "uv": [ 11.501, 9.501, 12.499, 12.499 ], "texture": "#texture" },
        "east":  { "uv": [ 11.501, 9.501, 12.499, 12.499 ], "texture": "#texture" }
    }
},
{
    "__comment": "Lightsaber",
    "from": [ 7.875, 4.375, 8.25 ],
    "to": [ 8.125, 4.625, 8.375 ],
    "faces": {
        "down":  { "uv": [ 6.501, 6.001, 7.999, 6.499 ], "texture": "#texture" },
        "up":    { "uv": [ 13.501, 0.001, 14.999, 0.499 ], "texture": "#texture" },
        "north": { "uv": [ 13.501, 0.501, 14.999, 0.999 ], "texture": "#texture" },
        "south": { "uv": [ 13.501, 0.501, 14.999, 0.999 ], "texture": "#texture" },
        "west":  { "uv": [ 13.001, 0.501, 13.499, 0.999 ], "texture": "#texture" },
        "east":  { "uv": [ 13.001, 0.501, 13.499, 0.999 ], "texture": "#texture" }
    }
},
{
    "__comment": "Lightsaber*",
    "from": [ 7.875, 2, 7.625 ],
    "to": [ 8.125, 3.375, 7.75 ],
    "faces": {
        "down":  { "uv": [ 7.751, 7.751, 8.249, 8.124 ], "texture": "#texture" },
        "up":    { "uv": [ 14.001, 0.001, 14.499, 0.374 ], "texture": "#texture" },
        "north": { "uv": [ 13.501, 4.001, 14.999, 9.499 ], "texture": "#texture" },
        "south": { "uv": [ 13.501, 4.001, 14.999, 9.499 ], "texture": "#texture" },
        "west":  { "uv": [ 12.501, 4.001, 13.499, 9.499 ], "texture": "#texture" },
        "east":  { "uv": [ 12.501, 4.001, 13.499, 9.499 ], "texture": "#texture" }
    }
},
{
    "__comment": "Lightsaber*",
    "from": [ 7.875, 3.625, 7.625 ],
    "to": [ 8.125, 3.875, 7.75 ],
    "faces": {
        "down":  { "uv": [ 9.001, 4.001, 10.499, 5.999 ], "texture": "#texture" },
        "up":    { "uv": [ 13.501, 2.001, 14.999, 3.999 ], "texture": "#texture" },
        "north": { "uv": [ 14.001, 3.001, 14.499, 4.499 ], "texture": "#texture" },
        "south": { "uv": [ 14.001, 3.001, 14.499, 4.499 ], "texture": "#texture" },
        "west":  { "uv": [ 14.001, 3.001, 14.499, 4.499 ], "texture": "#texture" },
        "east":  { "uv": [ 14.001, 3.001, 14.499, 4.499 ], "texture": "#texture" }
    }
},
{
    "__comment": "Lightsaber*",
    "from": [ 7.875, 4.625, 8.125 ],
    "to": [ 8.125, 4.75, 8.25 ],
    "faces": {
        "down":  { "uv": [ 10.001, 0.001, 10.999, 0.499 ], "texture": "#texture" },
        "up":    { "uv": [ 14.001, 0.001, 14.499, 0.499 ], "texture": "#texture" },
        "north": { "uv": [ 13.501, 0.001, 14.999, 0.499 ], "texture": "#texture" },
        "south": { "uv": [ 13.501, 0.001, 14.999, 0.499 ], "texture": "#texture" },
        "west":  { "uv": [ 13.501, 0.001, 13.999, 0.499 ], "texture": "#texture" },
        "east":  { "uv": [ 13.501, 0.001, 13.999, 0.499 ], "texture": "#texture" }
    }
},
{
    "__comment": "blade",
    "from": [ 7.875, 4.75, 7.8125 ],
    "to": [ 8.125, 15.75, 8.0625 ],
    "faces": {
        "down":  { "uv": [ 0.499, 0.499, 0.001, 0.001 ], "texture": "#texture" },
        "up":    { "uv": [ 0.001, 0.001, 0.499, 0.499 ], "texture": "#texture" },
        "north": { "uv": [ 0.001, 0.001, 0.499, 10.999 ], "texture": "#texture" },
        "south": { "uv": [ 0.001, 0.001, 0.499, 10.999 ], "texture": "#texture" },
        "west":  { "uv": [ 0.001, 0.001, 0.499, 10.999 ], "texture": "#texture" },
        "east":  { "uv": [ 0.001, 0.001, 0.499, 10.999 ], "texture": "#texture" }
    }
},
{
    "__comment": "glow",
    "from": [ 7.8125, 4.75, 7.6875 ],
    "to": [ 8.1875, 15.875, 8.1875 ],
    "faces": {
        "down":  { "uv": [ 0.499, 0.499, 0.001, 0.001 ], "texture": "#lightsaber_glow" },
        "up":    { "uv": [ 0.001, 0.001, 0.499, 0.499 ], "texture": "#lightsaber_glow" },
        "north": { "uv": [ 7.501, 0.001, 8.499, 15.999 ], "texture": "#lightsaber_glow" },
        "south": { "uv": [ 7.501, 0.001, 8.499, 15.999 ], "texture": "#lightsaber_glow" },
        "west":  { "uv": [ 7.501, 0.001, 8.499, 15.999 ], "texture": "#lightsaber_glow" },
        "east":  { "uv": [ 7.501, 0.001, 8.499, 15.999 ], "texture": "#lightsaber_glow" }
    }
}
],
"display": {
    "firstperson_lefthand": {
        "rotation": [ 0, 100, -10 ],
        "translation": [ 0, 4, 2 ],
        "scale": [ 1.2, 1.2, 1.2 ]
    },
    "firstperson_righthand": {
        "rotation": [ 0, -100, 10 ],
        "translation": [ 0, 4, 2 ],
        "scale": [ 1.2, 1.2, 1.2 ]
    },
    "thirdperson_lefthand": {
        "rotation": [ 0, 90, 0 ],
        "translation": [ 0, 10, -0.4 ],
        "scale": [ 2, 2, 2 ]
    },
    "thirdperson_righthand": {
        "rotation": [ 0, -90, 0 ],
        "translation": [ 0, 10, -0.4 ],
        "scale": [ 2, 2, 2 ]
    },
    "thirdperson": {
        "rotation": [ -90, 0, 0 ],
        "translation": [ 0, 0.9, -7.1 ],
        "scale": [ 2.2, 2.2, 2.2 ]
    },
    "ground": {
        "rotation": [ 80, 0, 0 ],
        "translation": [ 0, 0, 0 ],
        "scale": [ 2, 2, 2 ]
    },
    "fixed": {
        "rotation": [ 0, 90, 0 ],
        "translation": [ 0, 0, -0.5 ],
        "scale": [ 2.5, 2.5, 2.5 ]
    },
    "firstperson": {
        "rotation": [ 0, -135, -1 ],
        "translation": [ 0, 13.9, 2 ],
        "scale": [ 4, 4, 4 ]
    },
    "gui": {
        "rotation": [ -14, 135, -44 ],
        "translation": [ 0, 0, 0 ],
        "scale": [ 2, 2, 2 ]
    }
}
}