{
"__comment": "Created by Droobledore with BDcraft Cubik PRO 0.93 Beta",
"ambientocclusion": false,
"textures": {
    "texture": "items/staff_gandalf",
    "animated1": "items/animated1"
},
"elements": [ 
{
    "__comment": "Gandalf",
    "from": [ 7.625, 14.5, 7.75 ],
    "to": [ 8.375, 14.625, 8.25 ],
    "faces": {
        "down":  { "uv": [ 8.374, 8.249, 7.626, 7.751 ], "texture": "#texture" },
        "up":    { "uv": [ 7.626, 7.751, 8.374, 8.249 ], "texture": "#texture" },
        "north": { "uv": [ 7.626, 1.376, 8.374, 1.499 ], "texture": "#texture" },
        "south": { "uv": [ 7.626, 1.376, 8.374, 1.499 ], "texture": "#texture" },
        "west":  { "uv": [ 7.751, 1.376, 8.249, 1.499 ], "texture": "#texture" },
        "east":  { "uv": [ 7.751, 1.376, 8.249, 1.499 ], "texture": "#texture" }
    }
},
{
    "__comment": "Gandalf",
    "from": [ 7.625, 14.625, 7.75 ],
    "to": [ 8.25, 14.75, 8.125 ],
    "faces": {
        "up":    { "uv": [ 7.626, 7.751, 8.249, 8.124 ], "texture": "#texture" },
        "north": { "uv": [ 7.751, 1.251, 8.374, 1.374 ], "texture": "#texture" },
        "south": { "uv": [ 7.626, 1.251, 8.249, 1.374 ], "texture": "#texture" },
        "west":  { "uv": [ 7.751, 1.251, 8.124, 1.374 ], "texture": "#texture" },
        "east":  { "uv": [ 7.876, 1.251, 8.249, 1.374 ], "texture": "#texture" }
    }
},
{
    "__comment": "Gandalf",
    "from": [ 7.625, 14.75, 7.75 ],
    "to": [ 8.125, 14.875, 8 ],
    "faces": {
        "up":    { "uv": [ 0.001, 0.001, 0.999, 1.499 ], "texture": "#texture" },
        "north": { "uv": [ 0.001, 0.001, 0.999, 1.499 ], "texture": "#texture" },
        "south": { "uv": [ 0.001, 0.001, 0.999, 1.499 ], "texture": "#texture" },
        "west":  { "uv": [ 0.001, 0.001, 0.999, 1.499 ], "texture": "#texture" },
        "east":  { "uv": [ 0.001, 0.001, 0.999, 1.499 ], "texture": "#texture" }
    }
},
{
    "__comment": "Gandalf",
    "from": [ 7.625, 14.25, 7.875 ],
    "to": [ 8.375, 14.5, 8.125 ],
    "faces": {
        "down":  { "uv": [ 8.374, 8.124, 7.626, 7.876 ], "texture": "#texture" },
        "north": { "uv": [ 7.626, 1.501, 8.374, 1.749 ], "texture": "#texture" },
        "south": { "uv": [ 7.626, 1.501, 8.374, 1.749 ], "texture": "#texture" },
        "west":  { "uv": [ 7.876, 1.501, 8.124, 1.749 ], "texture": "#texture" },
        "east":  { "uv": [ 7.876, 1.501, 8.124, 1.749 ], "texture": "#texture" }
    }
},
{
    "__comment": "Gandalf",
    "from": [ 7.625, 14.875, 7.875 ],
    "to": [ 8.375, 15.125, 8.125 ],
    "faces": {
        "down":  { "uv": [ 0.001, 0.001, 15.999, 15.999 ], "texture": "#texture" },
        "up":    { "uv": [ 0.001, 0.001, 0.999, 1.499 ], "texture": "#texture" },
        "north": { "uv": [ 0.001, 0.001, 0.999, 1.499 ], "texture": "#texture" },
        "south": { "uv": [ 0.001, 0.001, 0.999, 1.499 ], "texture": "#texture" },
        "west":  { "uv": [ 0.001, 0.001, 0.999, 1.499 ], "texture": "#texture" },
        "east":  { "uv": [ 0.001, 0.001, 0.999, 1.499 ], "texture": "#texture" }
    }
},
{
    "__comment": "Gandalf",
    "from": [ 7.625, 15.125, 8 ],
    "to": [ 8.25, 15.25, 8.125 ],
    "faces": {
        "up":    { "uv": [ 0.001, 0.001, 0.999, 1.499 ], "texture": "#texture" },
        "north": { "uv": [ 0.001, 0.001, 0.999, 1.499 ], "texture": "#texture" },
        "south": { "uv": [ 0.001, 0.001, 0.999, 1.499 ], "texture": "#texture" },
        "west":  { "uv": [ 0.001, 0.001, 0.999, 1.499 ], "texture": "#texture" },
        "east":  { "uv": [ 0.001, 0.001, 0.999, 1.499 ], "texture": "#texture" }
    }
},
{
    "__comment": "Gandalf",
    "from": [ 7.75, 14.375, 7.625 ],
    "to": [ 8.25, 14.5, 7.875 ],
    "faces": {
        "down":  { "uv": [ 8.249, 7.874, 7.751, 7.626 ], "texture": "#texture" },
        "up":    { "uv": [ 7.751, 7.626, 8.249, 7.874 ], "texture": "#texture" },
        "north": { "uv": [ 7.751, 1.501, 8.249, 1.624 ], "texture": "#texture" },
        "west":  { "uv": [ 7.626, 1.501, 7.874, 1.624 ], "texture": "#texture" },
        "east":  { "uv": [ 8.126, 1.501, 8.374, 1.624 ], "texture": "#texture" }
    }
},
{
    "__comment": "Gandalf",
    "from": [ 7.75, 14.5, 7.625 ],
    "to": [ 8, 14.875, 7.75 ],
    "faces": {
        "up":    { "uv": [ 7.751, 7.626, 7.999, 7.749 ], "texture": "#texture" },
        "north": { "uv": [ 8.001, 1.126, 8.249, 1.499 ], "texture": "#texture" },
        "south": { "uv": [ 7.751, 1.126, 7.999, 1.499 ], "texture": "#texture" },
        "west":  { "uv": [ 7.626, 1.126, 7.749, 1.499 ], "texture": "#texture" },
        "east":  { "uv": [ 8.251, 1.126, 8.374, 1.499 ], "texture": "#texture" }
    }
},
{
    "__comment": "Gandalf",
    "from": [ 7.75, 14.125, 7.75 ],
    "to": [ 8.25, 14.25, 8.25 ],
    "faces": {
        "down":  { "uv": [ 8.249, 8.249, 7.751, 7.751 ], "texture": "#texture" },
        "up":    { "uv": [ 7.751, 7.751, 8.249, 8.249 ], "texture": "#texture" },
        "north": { "uv": [ 7.751, 1.751, 8.249, 1.874 ], "texture": "#texture" },
        "south": { "uv": [ 7.751, 1.751, 8.249, 1.874 ], "texture": "#texture" },
        "west":  { "uv": [ 7.751, 1.751, 8.249, 1.874 ], "texture": "#texture" },
        "east":  { "uv": [ 7.751, 1.751, 8.249, 1.874 ], "texture": "#texture" }
    }
},
{
    "__comment": "Gandalf",
    "from": [ 7.75, 14.25, 7.75 ],
    "to": [ 8.25, 14.375, 7.875 ],
    "faces": {
        "north": { "uv": [ 7.751, 1.626, 8.249, 1.749 ], "texture": "#texture" },
        "west":  { "uv": [ 7.751, 1.626, 7.874, 1.749 ], "texture": "#texture" },
        "east":  { "uv": [ 8.126, 1.626, 8.249, 1.749 ], "texture": "#texture" }
    }
},
{
    "__comment": "Gandalf",
    "from": [ 7.75, 14.875, 7.75 ],
    "to": [ 7.875, 15.5, 7.875 ],
    "faces": {
        "up":    { "uv": [ 7.751, 7.751, 7.874, 7.874 ], "texture": "#texture" },
        "north": { "uv": [ 8.126, 0.501, 8.249, 1.124 ], "texture": "#texture" },
        "south": { "uv": [ 7.751, 0.501, 7.874, 1.124 ], "texture": "#texture" },
        "west":  { "uv": [ 7.751, 0.501, 7.874, 1.124 ], "texture": "#texture" },
        "east":  { "uv": [ 8.126, 0.501, 8.249, 1.124 ], "texture": "#texture" }
    }
},
{
    "__comment": "Gandalf",
    "from": [ 7.75, 13.375, 7.875 ],
    "to": [ 8.25, 14.125, 8.125 ],
    "faces": {
        "down":  { "uv": [ 8.249, 8.124, 7.751, 7.876 ], "texture": "#texture" },
        "north": { "uv": [ 7.751, 1.876, 8.249, 2.624 ], "texture": "#texture" },
        "south": { "uv": [ 7.751, 1.876, 8.249, 2.624 ], "texture": "#texture" },
        "west":  { "uv": [ 7.876, 1.876, 8.124, 2.624 ], "texture": "#texture" },
        "east":  { "uv": [ 7.876, 1.876, 8.124, 2.624 ], "texture": "#texture" }
    }
},
{
    "__comment": "Gandalf",
    "from": [ 7.75, 7.125, 8 ],
    "to": [ 8.25, 13.375, 8.125 ],
    "faces": {
        "down":  { "uv": [ 8.249, 8.124, 7.751, 8.001 ], "texture": "#texture" },
        "north": { "uv": [ 7.751, 2.626, 8.249, 8.874 ], "texture": "#texture" },
        "south": { "uv": [ 7.751, 2.626, 8.249, 8.874 ], "texture": "#texture" },
        "west":  { "uv": [ 8.001, 2.626, 8.124, 8.874 ], "texture": "#texture" },
        "east":  { "uv": [ 7.876, 2.626, 7.999, 8.874 ], "texture": "#texture" }
    }
},
{
    "__comment": "Gandalf",
    "from": [ 7.75, 14.75, 8 ],
    "to": [ 8.375, 14.875, 8.125 ],
    "faces": {
        "down":  { "uv": [ 0.001, 0.001, 15.999, 15.999 ], "texture": "#texture" },
        "north": { "uv": [ 0.001, 0.001, 0.999, 1.499 ], "texture": "#texture" },
        "south": { "uv": [ 0.001, 0.001, 0.999, 1.499 ], "texture": "#texture" },
        "west":  { "uv": [ 0.001, 0.001, 0.999, 1.499 ], "texture": "#texture" },
        "east":  { "uv": [ 0.001, 0.001, 0.999, 1.499 ], "texture": "#texture" }
    }
},
{
    "__comment": "Gandalf",
    "from": [ 7.75, 15.25, 8 ],
    "to": [ 8.125, 15.5, 8.125 ],
    "faces": {
        "up":    { "uv": [ 0.001, 0.001, 0.999, 1.499 ], "texture": "#texture" },
        "north": { "uv": [ 0.001, 0.001, 0.999, 1.499 ], "texture": "#texture" },
        "south": { "uv": [ 0.001, 0.001, 0.999, 1.499 ], "texture": "#texture" },
        "west":  { "uv": [ 0.001, 0.001, 0.999, 1.499 ], "texture": "#texture" },
        "east":  { "uv": [ 0.001, 0.001, 0.999, 1.499 ], "texture": "#texture" }
    }
},
{
    "__comment": "Gandalf",
    "from": [ 7.75, 14.25, 8.125 ],
    "to": [ 8.25, 14.5, 8.25 ],
    "faces": {
        "south": { "uv": [ 7.751, 1.501, 8.249, 1.749 ], "texture": "#texture" },
        "west":  { "uv": [ 8.126, 1.501, 8.249, 1.749 ], "texture": "#texture" },
        "east":  { "uv": [ 7.751, 1.501, 7.874, 1.749 ], "texture": "#texture" }
    }
},
{
    "__comment": "Gandalf",
    "from": [ 7.75, 14.625, 8.125 ],
    "to": [ 8.375, 14.75, 8.25 ],
    "faces": {
        "up":    { "uv": [ 0.001, 0.001, 0.999, 1.499 ], "texture": "#texture" },
        "north": { "uv": [ 0.001, 0.001, 0.999, 1.499 ], "texture": "#texture" },
        "south": { "uv": [ 0.001, 0.001, 0.999, 1.499 ], "texture": "#texture" },
        "west":  { "uv": [ 0.001, 0.001, 0.999, 1.499 ], "texture": "#texture" },
        "east":  { "uv": [ 0.001, 0.001, 0.999, 1.499 ], "texture": "#texture" }
    }
},
{
    "__comment": "Gandalf",
    "from": [ 7.75, 14.375, 8.25 ],
    "to": [ 8.25, 14.625, 8.375 ],
    "faces": {
        "down":  { "uv": [ 8.249, 8.374, 7.751, 8.251 ], "texture": "#texture" },
        "up":    { "uv": [ 7.751, 8.251, 8.249, 8.374 ], "texture": "#texture" },
        "north": { "uv": [ 7.751, 1.376, 8.249, 1.624 ], "texture": "#texture" },
        "south": { "uv": [ 7.751, 1.376, 8.249, 1.624 ], "texture": "#texture" },
        "west":  { "uv": [ 8.251, 1.376, 8.374, 1.624 ], "texture": "#texture" },
        "east":  { "uv": [ 7.626, 1.376, 7.749, 1.624 ], "texture": "#texture" }
    }
},
{
    "__comment": "Gandalf",
    "from": [ 7.875, 14.25, 7.625 ],
    "to": [ 8.125, 14.375, 7.75 ],
    "faces": {
        "down":  { "uv": [ 8.124, 7.749, 7.876, 7.626 ], "texture": "#texture" },
        "north": { "uv": [ 7.876, 1.626, 8.124, 1.749 ], "texture": "#texture" },
        "west":  { "uv": [ 7.626, 1.626, 7.749, 1.749 ], "texture": "#texture" },
        "east":  { "uv": [ 8.251, 1.626, 8.374, 1.749 ], "texture": "#texture" }
    }
},
{
    "__comment": "Gandalf",
    "from": [ 7.875, 14.875, 7.625 ],
    "to": [ 8, 15, 7.875 ],
    "faces": {
        "down":  { "uv": [ 8.124, 7.874, 8.001, 7.626 ], "texture": "#texture" },
        "up":    { "uv": [ 7.876, 7.626, 7.999, 7.874 ], "texture": "#texture" },
        "north": { "uv": [ 8.001, 1.001, 8.124, 1.124 ], "texture": "#texture" },
        "west":  { "uv": [ 7.626, 1.001, 7.874, 1.124 ], "texture": "#texture" },
        "east":  { "uv": [ 8.126, 1.001, 8.374, 1.124 ], "texture": "#texture" }
    }
},
{
    "__comment": "Gandalf",
    "from": [ 7.875, 13.125, 7.75 ],
    "to": [ 8.125, 13.375, 8 ],
    "faces": {
        "down":  { "uv": [ 8.124, 7.999, 7.876, 7.751 ], "texture": "#texture" },
        "up":    { "uv": [ 7.876, 7.751, 8.124, 7.999 ], "texture": "#texture" },
        "north": { "uv": [ 7.876, 2.626, 8.124, 2.874 ], "texture": "#texture" },
        "west":  { "uv": [ 7.751, 2.626, 7.999, 2.874 ], "texture": "#texture" },
        "east":  { "uv": [ 8.001, 2.626, 8.249, 2.874 ], "texture": "#texture" }
    }
},
{
    "__comment": "Gandalf",
    "from": [ 7.875, 13.375, 7.75 ],
    "to": [ 8.125, 14.125, 7.875 ],
    "faces": {
        "north": { "uv": [ 7.876, 1.876, 8.124, 2.624 ], "texture": "#texture" },
        "west":  { "uv": [ 7.751, 1.876, 7.874, 2.624 ], "texture": "#texture" },
        "east":  { "uv": [ 8.126, 1.876, 8.249, 2.624 ], "texture": "#texture" }
    }
},
{
    "__comment": "Gandalf",
    "from": [ 7.875, 15, 7.75 ],
    "to": [ 8, 15.125, 7.875 ],
    "faces": {
        "up":    { "uv": [ 7.876, 7.751, 7.999, 7.874 ], "texture": "#texture" },
        "north": { "uv": [ 8.001, 0.876, 8.124, 0.999 ], "texture": "#texture" },
        "east":  { "uv": [ 8.126, 0.876, 8.249, 0.999 ], "texture": "#texture" }
    }
},
{
    "__comment": "Gandalf",
    "from": [ 7.875, 5.75, 7.875 ],
    "to": [ 8.25, 7.125, 8.125 ],
    "faces": {
        "down":  { "uv": [ 8.124, 8.124, 7.751, 7.876 ], "texture": "#texture" },
        "up":    { "uv": [ 7.876, 7.876, 8.249, 8.124 ], "texture": "#texture" },
        "north": { "uv": [ 7.751, 8.876, 8.124, 10.249 ], "texture": "#texture" },
        "south": { "uv": [ 7.876, 8.876, 8.249, 10.249 ], "texture": "#texture" },
        "west":  { "uv": [ 7.876, 8.876, 8.124, 10.249 ], "texture": "#texture" },
        "east":  { "uv": [ 7.876, 8.876, 8.124, 10.249 ], "texture": "#texture" }
    }
},
{
    "__comment": "Gandalf",
    "from": [ 7.875, 7.125, 7.875 ],
    "to": [ 8.125, 13.125, 8 ],
    "faces": {
        "north": { "uv": [ 7.876, 2.876, 8.124, 8.874 ], "texture": "#texture" },
        "west":  { "uv": [ 7.876, 2.876, 7.999, 8.874 ], "texture": "#texture" },
        "east":  { "uv": [ 8.001, 2.876, 8.124, 8.874 ], "texture": "#texture" }
    }
},
{
    "__comment": "Gandalf",
    "from": [ 7.875, 15.125, 7.875 ],
    "to": [ 8.25, 15.625, 8 ],
    "faces": {
        "up":    { "uv": [ 0.001, 0.001, 0.999, 1.499 ], "texture": "#texture" },
        "north": { "uv": [ 0.001, 0.001, 0.999, 1.499 ], "texture": "#texture" },
        "south": { "uv": [ 0.001, 0.001, 0.999, 1.499 ], "texture": "#texture" },
        "west":  { "uv": [ 0.001, 0.001, 0.999, 1.499 ], "texture": "#texture" },
        "east":  { "uv": [ 0.001, 0.001, 0.999, 1.499 ], "texture": "#texture" }
    }
},
{
    "__comment": "Gandalf",
    "from": [ 7.875, 5.25, 8 ],
    "to": [ 8.375, 5.75, 8.125 ],
    "faces": {
        "down":  { "uv": [ 8.124, 8.124, 7.626, 8.001 ], "texture": "#texture" },
        "up":    { "uv": [ 7.876, 8.001, 8.374, 8.124 ], "texture": "#texture" },
        "north": { "uv": [ 7.626, 10.251, 8.124, 10.749 ], "texture": "#texture" },
        "south": { "uv": [ 7.876, 10.251, 8.374, 10.749 ], "texture": "#texture" },
        "west":  { "uv": [ 8.001, 10.251, 8.124, 10.749 ], "texture": "#texture" },
        "east":  { "uv": [ 7.876, 10.251, 7.999, 10.749 ], "texture": "#texture" }
    }
},
{
    "__comment": "Gandalf",
    "from": [ 7.875, 15.5, 8 ],
    "to": [ 8, 15.75, 8.125 ],
    "faces": {
        "up":    { "uv": [ 7.876, 8.001, 7.999, 8.124 ], "texture": "#texture" },
        "north": { "uv": [ 8.001, 0.251, 8.124, 0.499 ], "texture": "#texture" },
        "south": { "uv": [ 7.876, 0.251, 7.999, 0.499 ], "texture": "#texture" },
        "west":  { "uv": [ 8.001, 0.251, 8.124, 0.499 ], "texture": "#texture" },
        "east":  { "uv": [ 7.876, 0.251, 7.999, 0.499 ], "texture": "#texture" }
    }
},
{
    "__comment": "Gandalf",
    "from": [ 7.875, 6.375, 8.125 ],
    "to": [ 8.125, 14.125, 8.25 ],
    "faces": {
        "down":  { "uv": [ 8.124, 8.249, 7.876, 8.126 ], "texture": "#texture" },
        "north": { "uv": [ 7.876, 1.876, 8.124, 9.624 ], "texture": "#texture" },
        "south": { "uv": [ 7.876, 1.876, 8.124, 9.624 ], "texture": "#texture" },
        "west":  { "uv": [ 8.126, 1.876, 8.249, 9.624 ], "texture": "#texture" },
        "east":  { "uv": [ 7.751, 1.876, 7.874, 9.624 ], "texture": "#texture" }
    }
},
{
    "__comment": "Gandalf",
    "from": [ 7.875, 14.75, 8.125 ],
    "to": [ 8.25, 15, 8.25 ],
    "faces": {
        "up":    { "uv": [ 0.001, 0.001, 0.999, 1.499 ], "texture": "#texture" },
        "north": { "uv": [ 0.001, 0.001, 0.999, 1.499 ], "texture": "#texture" },
        "south": { "uv": [ 0.001, 0.001, 0.999, 1.499 ], "texture": "#texture" },
        "west":  { "uv": [ 0.001, 0.001, 0.999, 1.499 ], "texture": "#texture" },
        "east":  { "uv": [ 0.001, 0.001, 0.999, 1.499 ], "texture": "#texture" }
    }
},
{
    "__comment": "Gandalf",
    "from": [ 7.875, 14.25, 8.25 ],
    "to": [ 8.125, 14.375, 8.375 ],
    "faces": {
        "down":  { "uv": [ 8.124, 8.374, 7.876, 8.251 ], "texture": "#texture" },
        "south": { "uv": [ 7.876, 1.626, 8.124, 1.749 ], "texture": "#texture" },
        "west":  { "uv": [ 8.251, 1.626, 8.374, 1.749 ], "texture": "#texture" },
        "east":  { "uv": [ 7.626, 1.626, 7.749, 1.749 ], "texture": "#texture" }
    }
},
{
    "__comment": "Gandalf",
    "from": [ 7.875, 14.625, 8.25 ],
    "to": [ 8.25, 14.75, 8.375 ],
    "faces": {
        "up":    { "uv": [ 7.876, 8.251, 8.249, 8.374 ], "texture": "#texture" },
        "south": { "uv": [ 7.876, 1.251, 8.249, 1.374 ], "texture": "#texture" },
        "west":  { "uv": [ 8.251, 1.251, 8.374, 1.374 ], "texture": "#texture" },
        "east":  { "uv": [ 7.626, 1.251, 7.749, 1.374 ], "texture": "#texture" }
    }
},
{
    "__comment": "Gandalf",
    "from": [ 8, 14.5, 7.625 ],
    "to": [ 8.125, 14.75, 7.75 ],
    "faces": {
        "up":    { "uv": [ 8.001, 7.626, 8.124, 7.749 ], "texture": "#texture" },
        "north": { "uv": [ 7.876, 1.251, 7.999, 1.499 ], "texture": "#texture" },
        "south": { "uv": [ 8.001, 1.251, 8.124, 1.499 ], "texture": "#texture" },
        "east":  { "uv": [ 8.251, 1.251, 8.374, 1.499 ], "texture": "#texture" }
    }
},
{
    "__comment": "Gandalf",
    "from": [ 8, 0, 7.75 ],
    "to": [ 8.25, 3.125, 8.25 ],
    "faces": {
        "down":  { "uv": [ 7.999, 8.249, 7.751, 7.751 ], "texture": "#texture", "cullface": "down" },
        "up":    { "uv": [ 8.001, 7.751, 8.249, 8.249 ], "texture": "#texture" },
        "north": { "uv": [ 7.751, 12.876, 7.999, 15.999 ], "texture": "#texture" },
        "south": { "uv": [ 8.001, 12.876, 8.249, 15.999 ], "texture": "#texture" },
        "west":  { "uv": [ 7.751, 12.876, 8.249, 15.999 ], "texture": "#texture" },
        "east":  { "uv": [ 7.751, 12.876, 8.249, 15.999 ], "texture": "#texture" }
    }
},
{
    "__comment": "Gandalf",
    "from": [ 8, 4.5, 7.75 ],
    "to": [ 8.25, 4.75, 8.25 ],
    "faces": {
        "down":  { "uv": [ 7.999, 8.249, 7.751, 7.751 ], "texture": "#texture" },
        "up":    { "uv": [ 8.001, 7.751, 8.249, 8.249 ], "texture": "#texture" },
        "north": { "uv": [ 7.751, 11.251, 7.999, 11.499 ], "texture": "#texture" },
        "south": { "uv": [ 8.001, 11.251, 8.249, 11.499 ], "texture": "#texture" },
        "west":  { "uv": [ 7.751, 11.251, 8.249, 11.499 ], "texture": "#texture" },
        "east":  { "uv": [ 7.751, 11.251, 8.249, 11.499 ], "texture": "#texture" }
    }
},
{
    "__comment": "Gandalf",
    "from": [ 8, 14.875, 7.75 ],
    "to": [ 8.125, 15, 7.875 ],
    "faces": {
        "up":    { "uv": [ 8.001, 7.751, 8.124, 7.874 ], "texture": "#texture" },
        "north": { "uv": [ 7.876, 1.001, 7.999, 1.124 ], "texture": "#texture" },
        "east":  { "uv": [ 8.126, 1.001, 8.249, 1.124 ], "texture": "#texture" }
    }
},
{
    "__comment": "Gandalf",
    "from": [ 8, 3.125, 7.875 ],
    "to": [ 8.375, 4.5, 8.125 ],
    "faces": {
        "down":  { "uv": [ 7.999, 8.124, 7.626, 7.876 ], "texture": "#texture" },
        "up":    { "uv": [ 8.001, 7.876, 8.374, 8.124 ], "texture": "#texture" },
        "north": { "uv": [ 7.626, 11.501, 7.999, 12.874 ], "texture": "#texture" },
        "south": { "uv": [ 8.001, 11.501, 8.374, 12.874 ], "texture": "#texture" },
        "west":  { "uv": [ 7.876, 11.501, 8.124, 12.874 ], "texture": "#texture" },
        "east":  { "uv": [ 7.876, 11.501, 8.124, 12.874 ], "texture": "#texture" }
    }
},
{
    "__comment": "Gandalf",
    "from": [ 8, 4.75, 7.875 ],
    "to": [ 8.25, 5.25, 8.25 ],
    "faces": {
        "up":    { "uv": [ 8.001, 7.876, 8.249, 8.249 ], "texture": "#texture" },
        "north": { "uv": [ 7.751, 10.751, 7.999, 11.249 ], "texture": "#texture" },
        "south": { "uv": [ 8.001, 10.751, 8.249, 11.249 ], "texture": "#texture" },
        "west":  { "uv": [ 7.876, 10.751, 8.249, 11.249 ], "texture": "#texture" },
        "east":  { "uv": [ 7.751, 10.751, 8.124, 11.249 ], "texture": "#texture" }
    }
},
{
    "__comment": "Gandalf",
    "from": [ 8, 5.25, 7.875 ],
    "to": [ 8.25, 5.75, 8 ],
    "faces": {
        "north": { "uv": [ 7.751, 10.251, 7.999, 10.749 ], "texture": "#texture" },
        "west":  { "uv": [ 7.876, 10.251, 7.999, 10.749 ], "texture": "#texture" },
        "east":  { "uv": [ 8.001, 10.251, 8.124, 10.749 ], "texture": "#texture" }
    }
},
{
    "__comment": "Gandalf",
    "from": [ 8, 15.75, 7.875 ],
    "to": [ 8.125, 15.875, 8 ],
    "faces": {
        "down":  { "uv": [ 7.999, 7.999, 7.876, 7.876 ], "texture": "#texture" },
        "up":    { "uv": [ 8.001, 7.876, 8.124, 7.999 ], "texture": "#texture" },
        "north": { "uv": [ 7.876, 0.126, 7.999, 0.249 ], "texture": "#texture" },
        "south": { "uv": [ 8.001, 0.126, 8.124, 0.249 ], "texture": "#texture" },
        "west":  { "uv": [ 7.876, 0.126, 7.999, 0.249 ], "texture": "#texture" },
        "east":  { "uv": [ 8.001, 0.126, 8.124, 0.249 ], "texture": "#texture" }
    }
},
{
    "__comment": "Gandalf",
    "from": [ 8, 15.5, 8 ],
    "to": [ 8.25, 15.625, 8.125 ],
    "faces": {
        "down":  { "uv": [ 7.999, 8.124, 7.751, 8.001 ], "texture": "#texture" },
        "up":    { "uv": [ 8.001, 8.001, 8.249, 8.124 ], "texture": "#texture" },
        "south": { "uv": [ 8.001, 0.376, 8.249, 0.499 ], "texture": "#texture" },
        "east":  { "uv": [ 7.876, 0.376, 7.999, 0.499 ], "texture": "#texture" }
    }
},
{
    "__comment": "Gandalf",
    "from": [ 8, 4.375, 8.125 ],
    "to": [ 8.25, 4.5, 8.25 ],
    "faces": {
        "down":  { "uv": [ 7.999, 8.249, 7.751, 8.126 ], "texture": "#texture" },
        "south": { "uv": [ 8.001, 11.501, 8.249, 11.624 ], "texture": "#texture" },
        "west":  { "uv": [ 8.126, 11.501, 8.249, 11.624 ], "texture": "#texture" },
        "east":  { "uv": [ 7.751, 11.501, 7.874, 11.624 ], "texture": "#texture" }
    }
},
{
    "__comment": "Gandalf",
    "from": [ 8, 5.25, 8.125 ],
    "to": [ 8.25, 6.375, 8.25 ],
    "faces": {
        "up":    { "uv": [ 8.001, 8.126, 8.249, 8.249 ], "texture": "#texture" },
        "north": { "uv": [ 7.751, 9.626, 7.999, 10.749 ], "texture": "#texture" },
        "south": { "uv": [ 8.001, 9.626, 8.249, 10.749 ], "texture": "#texture" },
        "west":  { "uv": [ 8.126, 9.626, 8.249, 10.749 ], "texture": "#texture" },
        "east":  { "uv": [ 7.751, 9.626, 7.874, 10.749 ], "texture": "#texture" }
    }
},
{
    "__comment": "Gandalf",
    "from": [ 8, 15, 8.125 ],
    "to": [ 8.25, 15.125, 8.25 ],
    "faces": {
        "up":    { "uv": [ 8.001, 8.126, 8.249, 8.249 ], "texture": "#texture" },
        "south": { "uv": [ 8.001, 0.876, 8.249, 0.999 ], "texture": "#texture" },
        "west":  { "uv": [ 8.126, 0.876, 8.249, 0.999 ], "texture": "#texture" },
        "east":  { "uv": [ 7.751, 0.876, 7.874, 0.999 ], "texture": "#texture" }
    }
},
{
    "__comment": "Gandalf",
    "from": [ 8, 14.75, 8.25 ],
    "to": [ 8.125, 15, 8.375 ],
    "faces": {
        "up":    { "uv": [ 8.001, 8.251, 8.124, 8.374 ], "texture": "#texture" },
        "south": { "uv": [ 8.001, 1.001, 8.124, 1.249 ], "texture": "#texture" },
        "west":  { "uv": [ 8.251, 1.001, 8.374, 1.249 ], "texture": "#texture" },
        "east":  { "uv": [ 7.626, 1.001, 7.749, 1.249 ], "texture": "#texture" }
    }
},
{
    "__comment": "Gandalf",
    "from": [ 8.125, 14.5, 7.625 ],
    "to": [ 8.25, 14.625, 7.75 ],
    "faces": {
        "up":    { "uv": [ 8.126, 7.626, 8.249, 7.749 ], "texture": "#texture" },
        "north": { "uv": [ 7.751, 1.376, 7.874, 1.499 ], "texture": "#texture" },
        "east":  { "uv": [ 8.251, 1.376, 8.374, 1.499 ], "texture": "#texture" }
    }
},
{
    "__comment": "Gandalf",
    "from": [ 8.125, 3.125, 7.75 ],
    "to": [ 8.25, 4.5, 7.875 ],
    "faces": {
        "north": { "uv": [ 7.751, 11.501, 7.874, 12.874 ], "texture": "#texture" },
        "west":  { "uv": [ 7.751, 11.501, 7.874, 12.874 ], "texture": "#texture" },
        "east":  { "uv": [ 8.126, 11.501, 8.249, 12.874 ], "texture": "#texture" }
    }
},
{
    "__comment": "Gandalf",
    "from": [ 8.125, 7.125, 7.875 ],
    "to": [ 8.25, 7.375, 8 ],
    "faces": {
        "up":    { "uv": [ 8.126, 7.876, 8.249, 7.999 ], "texture": "#texture" },
        "north": { "uv": [ 7.751, 8.626, 7.874, 8.874 ], "texture": "#texture" },
        "east":  { "uv": [ 8.001, 8.626, 8.124, 8.874 ], "texture": "#texture" }
    }
},
{
    "__comment": "Gandalf",
    "from": [ 8.125, 12.875, 7.875 ],
    "to": [ 8.25, 13.375, 8 ],
    "faces": {
        "down":  { "uv": [ 7.874, 7.999, 7.751, 7.876 ], "texture": "#texture" },
        "north": { "uv": [ 7.751, 2.626, 7.874, 3.124 ], "texture": "#texture" },
        "west":  { "uv": [ 7.876, 2.626, 7.999, 3.124 ], "texture": "#texture" },
        "east":  { "uv": [ 8.001, 2.626, 8.124, 3.124 ], "texture": "#texture" }
    }
},
{
    "__comment": "Gandalf",
    "from": [ 8.125, 14.75, 7.875 ],
    "to": [ 8.25, 14.875, 8 ],
    "faces": {
        "north": { "uv": [ 7.751, 1.126, 7.874, 1.249 ], "texture": "#texture" },
        "east":  { "uv": [ 8.001, 1.126, 8.124, 1.249 ], "texture": "#texture" }
    }
},
{
    "__comment": "Gandalf",
    "from": [ 8.125, 15.625, 7.875 ],
    "to": [ 8.25, 15.75, 8.125 ],
    "faces": {
        "down":  { "uv": [ 7.874, 8.124, 7.751, 7.876 ], "texture": "#texture" },
        "up":    { "uv": [ 8.126, 7.876, 8.249, 8.124 ], "texture": "#texture" },
        "north": { "uv": [ 7.751, 0.251, 7.874, 0.374 ], "texture": "#texture" },
        "south": { "uv": [ 8.126, 0.251, 8.249, 0.374 ], "texture": "#texture" },
        "west":  { "uv": [ 7.876, 0.251, 8.124, 0.374 ], "texture": "#texture" },
        "east":  { "uv": [ 7.876, 0.251, 8.124, 0.374 ], "texture": "#texture" }
    }
},
{
    "__comment": "Gandalf",
    "from": [ 8.125, 3.125, 8.125 ],
    "to": [ 8.25, 4.375, 8.25 ],
    "faces": {
        "south": { "uv": [ 8.126, 11.626, 8.249, 12.874 ], "texture": "#texture" },
        "west":  { "uv": [ 8.126, 11.626, 8.249, 12.874 ], "texture": "#texture" },
        "east":  { "uv": [ 7.751, 11.626, 7.874, 12.874 ], "texture": "#texture" }
    }
},
{
    "__comment": "Gandalf",
    "from": [ 8.125, 6.375, 8.125 ],
    "to": [ 8.25, 7.375, 8.25 ],
    "faces": {
        "up":    { "uv": [ 8.126, 8.126, 8.249, 8.249 ], "texture": "#texture" },
        "north": { "uv": [ 7.751, 8.626, 7.874, 9.624 ], "texture": "#texture" },
        "south": { "uv": [ 8.126, 8.626, 8.249, 9.624 ], "texture": "#texture" },
        "east":  { "uv": [ 7.751, 8.626, 7.874, 9.624 ], "texture": "#texture" }
    }
},
{
    "__comment": "Gandalf",
    "from": [ 8.125, 15.125, 8.125 ],
    "to": [ 8.25, 15.5, 8.25 ],
    "faces": {
        "up":    { "uv": [ 8.126, 8.126, 8.249, 8.249 ], "texture": "#texture" },
        "north": { "uv": [ 7.751, 0.501, 7.874, 0.874 ], "texture": "#texture" },
        "south": { "uv": [ 8.126, 0.501, 8.249, 0.874 ], "texture": "#texture" },
        "west":  { "uv": [ 8.126, 0.501, 8.249, 0.874 ], "texture": "#texture" },
        "east":  { "uv": [ 7.751, 0.501, 7.874, 0.874 ], "texture": "#texture" }
    }
},
{
    "__comment": "Gandalf",
    "from": [ 8.125, 14.75, 8.25 ],
    "to": [ 8.25, 14.875, 8.375 ],
    "faces": {
        "up":    { "uv": [ 8.126, 8.251, 8.249, 8.374 ], "texture": "#texture" },
        "south": { "uv": [ 8.126, 1.126, 8.249, 1.249 ], "texture": "#texture" },
        "east":  { "uv": [ 7.626, 1.126, 7.749, 1.249 ], "texture": "#texture" }
    }
},
{
    "__comment": "Gandalf",
    "from": [ 8.25, 0, 7.875 ],
    "to": [ 8.375, 3.125, 8.125 ],
    "faces": {
        "down":  { "uv": [ 7.749, 8.124, 7.626, 7.876 ], "texture": "#texture", "cullface": "down" },
        "north": { "uv": [ 7.626, 12.876, 7.749, 15.999 ], "texture": "#texture" },
        "south": { "uv": [ 8.251, 12.876, 8.374, 15.999 ], "texture": "#texture" },
        "east":  { "uv": [ 7.876, 12.876, 8.124, 15.999 ], "texture": "#texture" }
    }
},
{
    "__comment": "Gandalf",
    "from": [ 8.25, 4.5, 7.875 ],
    "to": [ 8.375, 5.25, 8.125 ],
    "faces": {
        "up":    { "uv": [ 8.251, 7.876, 8.374, 8.124 ], "texture": "#texture" },
        "north": { "uv": [ 7.626, 10.751, 7.749, 11.499 ], "texture": "#texture" },
        "south": { "uv": [ 8.251, 10.751, 8.374, 11.499 ], "texture": "#texture" },
        "west":  { "uv": [ 7.876, 10.751, 8.124, 11.499 ], "texture": "#texture" },
        "east":  { "uv": [ 7.876, 10.751, 8.124, 11.499 ], "texture": "#texture" }
    }
},
{
    "__comment": "Gandalf",
    "from": [ 8.25, 5.25, 7.875 ],
    "to": [ 8.375, 5.375, 8 ],
    "faces": {
        "up":    { "uv": [ 8.251, 7.876, 8.374, 7.999 ], "texture": "#texture" },
        "north": { "uv": [ 7.626, 10.626, 7.749, 10.749 ], "texture": "#texture" },
        "east":  { "uv": [ 8.001, 10.626, 8.124, 10.749 ], "texture": "#texture" }
    }
},
{
    "__comment": "Gandalf",
    "from": [ 8.25, 14.625, 7.875 ],
    "to": [ 8.375, 14.75, 8.125 ],
    "faces": {
        "up":    { "uv": [ 8.251, 7.876, 8.374, 8.124 ], "texture": "#texture" },
        "north": { "uv": [ 7.626, 1.251, 7.749, 1.374 ], "texture": "#texture" },
        "east":  { "uv": [ 7.876, 1.251, 8.124, 1.374 ], "texture": "#texture" }
    }
},
{
    "__comment": "Gandalf",
    "from": [ 8.25, 15.125, 7.875 ],
    "to": [ 8.375, 15.25, 8 ],
    "faces": {
        "up":    { "uv": [ 0.001, 0.001, 0.999, 1.499 ], "texture": "#texture" },
        "north": { "uv": [ 0.001, 0.001, 0.999, 1.499 ], "texture": "#texture" },
        "south": { "uv": [ 0.001, 0.001, 0.999, 1.499 ], "texture": "#texture" },
        "east":  { "uv": [ 0.001, 0.001, 0.999, 1.499 ], "texture": "#texture" }
    }
},
{
    "__comment": "Gandalf",
    "from": [ 8.25, 5.75, 8 ],
    "to": [ 8.375, 6, 8.125 ],
    "faces": {
        "up":    { "uv": [ 8.251, 8.001, 8.374, 8.124 ], "texture": "#texture" },
        "north": { "uv": [ 7.626, 10.001, 7.749, 10.249 ], "texture": "#texture" },
        "south": { "uv": [ 8.251, 10.001, 8.374, 10.249 ], "texture": "#texture" },
        "east":  { "uv": [ 7.876, 10.001, 7.999, 10.249 ], "texture": "#texture" }
    }
},
{
    "__comment": "Gandalf",
    "from": [ 8.25, 14.75, 8.125 ],
    "to": [ 8.375, 14.875, 8.25 ],
    "faces": {
        "up":    { "uv": [ 0.001, 0.001, 0.999, 1.499 ], "texture": "#texture" },
        "south": { "uv": [ 0.001, 0.001, 0.999, 1.499 ], "texture": "#texture" },
        "east":  { "uv": [ 0.001, 0.001, 0.999, 1.499 ], "texture": "#texture" }
    }
},
{
    "from": [ 5.5, 12, 8 ],
    "to": [ 10.5, 19, 8.0625 ],
    "faces": {
        "north": { "uv": [ 0.001, 0.001, 15.999, 15.999 ], "texture": "#animated1" },
        "south": { "uv": [ 0.001, 0.001, 15.999, 15.999 ], "texture": "#animated1" }
    }
}
],
"display": {
    "firstperson_lefthand": {
        "rotation": [ 0, 100, -10 ],
        "translation": [ 0, 4, 2 ],
        "scale": [ 1.5, 1.5, 1.5 ]
    },
    "firstperson_righthand": {
        "rotation": [ 0, -100, 10 ],
        "translation": [ 0, 4, 2 ],
        "scale": [ 1.5, 1.5, 1.5 ]
    },
    "thirdperson_lefthand": {
        "rotation": [ 0, 90, 0 ],
        "translation": [ 0, 0.5, -0.4 ],
        "scale": [ 2.5, 2.5, 2.5 ]
    },
    "thirdperson_righthand": {
        "rotation": [ 0, -90, 0 ],
        "translation": [ 0, 0.5, -0.4 ],
        "scale": [ 2.5, 2.5, 2.5 ]
    },
    "thirdperson": {
        "rotation": [ 0, 90, -90 ],
        "translation": [ 0, 1, 0 ],
        "scale": [ 2.7, 2.7, 2.7 ]
    },
    "ground": {
        "rotation": [ 84, 0, 0 ],
        "translation": [ 0, 0, 0 ],
        "scale": [ 2, 2, 2 ]
    },
    "fixed": {
        "rotation": [ 0, 0, 0 ],
        "translation": [ 0, 0, -0.5 ],
        "scale": [ 2.5, 2.5, 2.5 ]
    },
    "firstperson": {
        "rotation": [ 0, -135, 3 ],
        "translation": [ 0, 2.4, 2 ],
        "scale": [ 4, 4, 4 ]
    },
    "gui": {
        "rotation": [ -14, 135, -44 ],
        "translation": [ 0, 0, 0 ],
        "scale": [ 2, 2, 2 ]
    }
}
}