{
"__comment": "Created by Droobledore with BDcraft Cubik PRO 0.95 Beta",
"ambientocclusion": false,
"textures": {
    "texture": "items/survivalwand2"
},
"elements": [ 
{
    "__comment": "Survivalwand2",
    "from": [ 6.5, 13.5, 9.25 ],
    "to": [ 7.25, 13.75, 9.5 ],
    "faces": {
        "down":  { "uv": [ 6.249, 6.249, 5.001, 6.001 ], "texture": "#texture" },
        "up":    { "uv": [ 5.751, 5.001, 6.999, 5.249 ], "texture": "#texture" },
        "north": { "uv": [ 7.501, 4.001, 8.749, 4.249 ], "texture": "#texture" },
        "south": { "uv": [ 7.251, 4.001, 8.499, 4.249 ], "texture": "#texture" },
        "west":  { "uv": [ 8.001, 4.001, 8.249, 4.249 ], "texture": "#texture" },
        "east":  { "uv": [ 7.751, 4.001, 7.999, 4.249 ], "texture": "#texture" }
    }
},
{
    "__comment": "Survivalwand2",
    "from": [ 6.75, 13.75, 8.5 ],
    "to": [ 7.25, 14, 9.75 ],
    "faces": {
        "down":  { "uv": [ 8.249, 4.499, 8.001, 4.251 ], "texture": "#texture" },
        "up":    { "uv": [ 7.751, 4.751, 7.999, 4.999 ], "texture": "#texture" },
        "north": { "uv": [ 8.001, 0.251, 8.249, 0.499 ], "texture": "#texture" },
        "south": { "uv": [ 7.751, 0.251, 7.999, 0.499 ], "texture": "#texture" },
        "west":  { "uv": [ 8.751, 0.251, 8.999, 0.499 ], "texture": "#texture" },
        "east":  { "uv": [ 7.001, 0.251, 7.249, 0.499 ], "texture": "#texture" }
    }
},
{
    "__comment": "Survivalwand2",
    "from": [ 6.75, 14, 8.5 ],
    "to": [ 7.25, 14.25, 9.25 ],
    "faces": {
        "down":  { "uv": [ 8.249, 4.499, 8.001, 4.251 ], "texture": "#texture" },
        "up":    { "uv": [ 7.751, 4.751, 7.999, 4.999 ], "texture": "#texture" },
        "north": { "uv": [ 8.001, 0.251, 8.249, 0.499 ], "texture": "#texture" },
        "south": { "uv": [ 7.751, 0.251, 7.999, 0.499 ], "texture": "#texture" },
        "west":  { "uv": [ 8.751, 0.251, 8.999, 0.499 ], "texture": "#texture" },
        "east":  { "uv": [ 7.001, 0.251, 7.249, 0.499 ], "texture": "#texture" }
    }
},
{
    "__comment": "Survivalwand2",
    "from": [ 6.75, 11.25, 8.75 ],
    "to": [ 7.5, 11.5, 9.5 ],
    "faces": {
        "down":  { "uv": [ 8.249, 4.499, 8.001, 4.251 ], "texture": "#texture" },
        "up":    { "uv": [ 7.751, 4.751, 7.999, 4.999 ], "texture": "#texture" },
        "north": { "uv": [ 8.001, 0.251, 8.249, 0.499 ], "texture": "#texture" },
        "south": { "uv": [ 7.751, 0.251, 7.999, 0.499 ], "texture": "#texture" },
        "west":  { "uv": [ 8.751, 0.251, 8.999, 0.499 ], "texture": "#texture" },
        "east":  { "uv": [ 7.001, 0.251, 7.249, 0.499 ], "texture": "#texture" }
    }
},
{
    "__comment": "Survivalwand2",
    "from": [ 6.75, 11.5, 9 ],
    "to": [ 7.5, 11.75, 9.25 ],
    "faces": {
        "down":  { "uv": [ 9.249, 4.749, 8.501, 4.501 ], "texture": "#texture" },
        "up":    { "uv": [ 6.751, 5.001, 7.499, 5.249 ], "texture": "#texture" },
        "north": { "uv": [ 8.501, 4.251, 9.249, 4.499 ], "texture": "#texture" },
        "south": { "uv": [ 6.751, 3.751, 7.499, 3.999 ], "texture": "#texture" },
        "west":  { "uv": [ 9.001, 4.251, 9.249, 4.499 ], "texture": "#texture" },
        "east":  { "uv": [ 6.751, 3.751, 6.999, 3.999 ], "texture": "#texture" }
    }
},
{
    "__comment": "Survivalwand2",
    "from": [ 6.75, 13.5, 9 ],
    "to": [ 7.25, 13.75, 9.25 ],
    "faces": {
        "down":  { "uv": [ 6.249, 6.249, 5.001, 6.001 ], "texture": "#texture" },
        "up":    { "uv": [ 5.751, 5.001, 6.999, 5.249 ], "texture": "#texture" },
        "north": { "uv": [ 7.501, 4.001, 8.749, 4.249 ], "texture": "#texture" },
        "south": { "uv": [ 7.251, 4.001, 8.499, 4.249 ], "texture": "#texture" },
        "west":  { "uv": [ 8.001, 4.001, 8.249, 4.249 ], "texture": "#texture" },
        "east":  { "uv": [ 7.751, 4.001, 7.999, 4.249 ], "texture": "#texture" }
    }
},
{
    "__comment": "Survivalwand2",
    "from": [ 6.75, 13.5, 9.5 ],
    "to": [ 7.5, 13.75, 10 ],
    "faces": {
        "down":  { "uv": [ 8.249, 4.499, 8.001, 4.251 ], "texture": "#texture" },
        "up":    { "uv": [ 7.751, 4.751, 7.999, 4.999 ], "texture": "#texture" },
        "north": { "uv": [ 8.001, 0.251, 8.249, 0.499 ], "texture": "#texture" },
        "south": { "uv": [ 7.751, 0.251, 7.999, 0.499 ], "texture": "#texture" },
        "west":  { "uv": [ 8.751, 0.251, 8.999, 0.499 ], "texture": "#texture" },
        "east":  { "uv": [ 7.001, 0.251, 7.249, 0.499 ], "texture": "#texture" }
    }
},
{
    "__comment": "Survivalwand2",
    "from": [ 7, 11.5, 8.25 ],
    "to": [ 7.5, 12, 9 ],
    "faces": {
        "down":  { "uv": [ 6.249, 6.249, 5.001, 6.001 ], "texture": "#texture" },
        "up":    { "uv": [ 5.751, 5.001, 6.999, 5.249 ], "texture": "#texture" },
        "north": { "uv": [ 7.501, 4.001, 8.749, 4.249 ], "texture": "#texture" },
        "south": { "uv": [ 7.251, 4.001, 8.499, 4.249 ], "texture": "#texture" },
        "west":  { "uv": [ 8.001, 4.001, 8.249, 4.249 ], "texture": "#texture" },
        "east":  { "uv": [ 7.751, 4.001, 7.999, 4.249 ], "texture": "#texture" }
    }
},
{
    "__comment": "Survivalwand2",
    "from": [ 7, 1.5, 9 ],
    "to": [ 8.75, 1.75, 9.25 ],
    "faces": {
        "down":  { "uv": [ 6.999, 7.499, 6.251, 7.001 ], "texture": "#texture" },
        "up":    { "uv": [ 6.001, 6.501, 6.749, 6.999 ], "texture": "#texture" },
        "north": { "uv": [ 7.751, 6.501, 8.499, 6.749 ], "texture": "#texture" },
        "south": { "uv": [ 7.501, 6.501, 8.249, 6.749 ], "texture": "#texture" },
        "west":  { "uv": [ 9.001, 6.501, 9.499, 6.749 ], "texture": "#texture" },
        "east":  { "uv": [ 6.501, 6.501, 6.999, 6.749 ], "texture": "#texture" }
    }
},
{
    "__comment": "Survivalwand2",
    "from": [ 7, 11, 9 ],
    "to": [ 7.5, 11.25, 10 ],
    "faces": {
        "down":  { "uv": [ 8.249, 4.499, 8.001, 4.251 ], "texture": "#texture" },
        "up":    { "uv": [ 7.751, 4.751, 7.999, 4.999 ], "texture": "#texture" },
        "north": { "uv": [ 8.001, 0.251, 8.249, 0.499 ], "texture": "#texture" },
        "south": { "uv": [ 7.751, 0.251, 7.999, 0.499 ], "texture": "#texture" },
        "west":  { "uv": [ 8.751, 0.251, 8.999, 0.499 ], "texture": "#texture" },
        "east":  { "uv": [ 7.001, 0.251, 7.249, 0.499 ], "texture": "#texture" }
    }
},
{
    "__comment": "Survivalwand2",
    "from": [ 7, 11.25, 9.5 ],
    "to": [ 7.75, 11.5, 9.75 ],
    "faces": {
        "down":  { "uv": [ 8.249, 4.499, 8.001, 4.251 ], "texture": "#texture" },
        "up":    { "uv": [ 7.751, 4.751, 7.999, 4.999 ], "texture": "#texture" },
        "north": { "uv": [ 8.001, 0.251, 8.249, 0.499 ], "texture": "#texture" },
        "south": { "uv": [ 7.751, 0.251, 7.999, 0.499 ], "texture": "#texture" },
        "west":  { "uv": [ 8.751, 0.251, 8.999, 0.499 ], "texture": "#texture" },
        "east":  { "uv": [ 7.001, 0.251, 7.249, 0.499 ], "texture": "#texture" }
    }
},
{
    "__comment": "Survivalwand2",
    "from": [ 7, 13.25, 9.75 ],
    "to": [ 8, 13.5, 10.25 ],
    "faces": {
        "down":  { "uv": [ 3.249, 4.499, 3.001, 4.251 ], "texture": "#texture" },
        "up":    { "uv": [ 7.751, 4.751, 7.999, 4.999 ], "texture": "#texture" },
        "north": { "uv": [ 8.001, 0.251, 8.249, 0.499 ], "texture": "#texture" },
        "south": { "uv": [ 7.751, 0.251, 7.999, 0.499 ], "texture": "#texture" },
        "west":  { "uv": [ 8.751, 0.251, 8.999, 0.499 ], "texture": "#texture" },
        "east":  { "uv": [ 7.001, 0.251, 7.249, 0.499 ], "texture": "#texture" }
    }
},
{
    "__comment": "Survivalwand2",
    "from": [ 7, 13.75, 9.75 ],
    "to": [ 7.25, 14, 10 ],
    "faces": {
        "down":  { "uv": [ 8.249, 4.499, 8.001, 4.251 ], "texture": "#texture" },
        "up":    { "uv": [ 7.751, 4.751, 7.999, 4.999 ], "texture": "#texture" },
        "north": { "uv": [ 8.001, 0.251, 8.249, 0.499 ], "texture": "#texture" },
        "south": { "uv": [ 7.751, 0.251, 7.999, 0.499 ], "texture": "#texture" },
        "west":  { "uv": [ 8.751, 0.251, 8.999, 0.499 ], "texture": "#texture" },
        "east":  { "uv": [ 7.001, 0.251, 7.249, 0.499 ], "texture": "#texture" }
    }
},
{
    "__comment": "Survivalwand2",
    "from": [ 7, 13.5, 10 ],
    "to": [ 7.75, 13.75, 10.25 ],
    "faces": {
        "down":  { "uv": [ 8.249, 4.499, 8.001, 4.251 ], "texture": "#texture" },
        "up":    { "uv": [ 7.751, 4.751, 7.999, 4.999 ], "texture": "#texture" },
        "north": { "uv": [ 8.001, 0.251, 8.249, 0.499 ], "texture": "#texture" },
        "south": { "uv": [ 7.751, 0.251, 7.999, 0.499 ], "texture": "#texture" },
        "west":  { "uv": [ 8.751, 0.251, 8.999, 0.499 ], "texture": "#texture" },
        "east":  { "uv": [ 7.001, 0.251, 7.249, 0.499 ], "texture": "#texture" }
    }
},
{
    "__comment": "Survivalwand2",
    "from": [ 7.25, 13.5, 8.6 ],
    "to": [ 8.5, 13.75, 9.85 ],
    "faces": {
        "down":  { "uv": [ 15.999, 1.249, 14.751, 0.001 ], "texture": "#texture" },
        "up":    { "uv": [ 14.751, 0.001, 15.999, 1.249 ], "texture": "#texture" },
        "north": { "uv": [ 13.501, 0.501, 14.749, 0.749 ], "texture": "#texture" },
        "south": { "uv": [ 14.501, 0.501, 15.749, 0.749 ], "texture": "#texture" },
        "west":  { "uv": [ 13.001, 2.501, 14.249, 2.749 ], "texture": "#texture" },
        "east":  { "uv": [ 14.001, 3.501, 15.249, 3.749 ], "texture": "#texture" }
    }
},
{
    "__comment": "Survivalwand2",
    "from": [ 7.25, 11.75, 8.85 ],
    "to": [ 8.5, 13.5, 9.6 ],
    "faces": {
        "down":  { "uv": [ 15.999, 1.249, 14.751, 0.001 ], "texture": "#texture" },
        "up":    { "uv": [ 14.751, 0.001, 15.999, 1.249 ], "texture": "#texture" },
        "north": { "uv": [ 13.501, 0.501, 14.749, 0.749 ], "texture": "#texture" },
        "south": { "uv": [ 14.501, 0.501, 15.749, 0.749 ], "texture": "#texture" },
        "west":  { "uv": [ 13.001, 2.501, 14.249, 2.749 ], "texture": "#texture" },
        "east":  { "uv": [ 14.001, 3.501, 15.249, 3.749 ], "texture": "#texture" }
    }
},
{
    "__comment": "Survivalwand2",
    "from": [ 7.25, 11.25, 9.1 ],
    "to": [ 8.5, 11.75, 9.35 ],
    "faces": {
        "down":  { "uv": [ 15.999, 1.249, 14.751, 0.001 ], "texture": "#texture" },
        "up":    { "uv": [ 14.751, 0.001, 15.999, 1.249 ], "texture": "#texture" },
        "north": { "uv": [ 13.501, 0.501, 14.749, 0.749 ], "texture": "#texture" },
        "south": { "uv": [ 14.501, 0.501, 15.749, 0.749 ], "texture": "#texture" },
        "west":  { "uv": [ 13.001, 2.501, 14.249, 2.749 ], "texture": "#texture" },
        "east":  { "uv": [ 14.001, 3.501, 15.249, 3.749 ], "texture": "#texture" }
    }
},
{
    "__comment": "Survivalwand2",
    "from": [ 7.25, 13.75, 9.1 ],
    "to": [ 8.75, 14, 9.35 ],
    "faces": {
        "down":  { "uv": [ 15.999, 1.249, 14.751, 0.001 ], "texture": "#texture" },
        "up":    { "uv": [ 14.751, 0.001, 15.999, 1.249 ], "texture": "#texture" },
        "north": { "uv": [ 13.501, 0.501, 14.749, 0.749 ], "texture": "#texture" },
        "south": { "uv": [ 14.501, 0.501, 15.749, 0.749 ], "texture": "#texture" },
        "west":  { "uv": [ 13.001, 2.501, 14.249, 2.749 ], "texture": "#texture" },
        "east":  { "uv": [ 14.001, 3.501, 15.249, 3.749 ], "texture": "#texture" }
    }
},
{
    "__comment": "Survivalwand2",
    "from": [ 7.25, 11.75, 8 ],
    "to": [ 8.5, 12, 8.25 ],
    "faces": {
        "down":  { "uv": [ 6.249, 6.249, 5.001, 6.001 ], "texture": "#texture" },
        "up":    { "uv": [ 5.751, 5.001, 6.999, 5.249 ], "texture": "#texture" },
        "north": { "uv": [ 7.501, 4.001, 8.749, 4.249 ], "texture": "#texture" },
        "south": { "uv": [ 7.251, 4.001, 8.499, 4.249 ], "texture": "#texture" },
        "west":  { "uv": [ 8.001, 4.001, 8.249, 4.249 ], "texture": "#texture" },
        "east":  { "uv": [ 7.751, 4.001, 7.999, 4.249 ], "texture": "#texture" }
    }
},
{
    "__comment": "Survivalwand2",
    "from": [ 7.25, 14.25, 8.25 ],
    "to": [ 8, 14.5, 9 ],
    "faces": {
        "down":  { "uv": [ 8.749, 5.999, 8.001, 5.251 ], "texture": "#texture" },
        "up":    { "uv": [ 7.251, 4.751, 7.999, 5.499 ], "texture": "#texture" },
        "north": { "uv": [ 8.001, 1.501, 8.749, 1.749 ], "texture": "#texture" },
        "south": { "uv": [ 7.251, 1.501, 7.999, 1.749 ], "texture": "#texture" },
        "west":  { "uv": [ 8.251, 1.501, 8.999, 1.749 ], "texture": "#texture" },
        "east":  { "uv": [ 7.001, 1.501, 7.749, 1.749 ], "texture": "#texture" }
    }
},
{
    "__comment": "Survivalwand2",
    "from": [ 7.25, 13.75, 8.5 ],
    "to": [ 7.5, 14.25, 8.75 ],
    "faces": {
        "down":  { "uv": [ 8.249, 4.499, 8.001, 4.251 ], "texture": "#texture" },
        "up":    { "uv": [ 7.751, 4.751, 7.999, 4.999 ], "texture": "#texture" },
        "north": { "uv": [ 8.001, 0.251, 8.249, 0.499 ], "texture": "#texture" },
        "south": { "uv": [ 7.751, 0.251, 7.999, 0.499 ], "texture": "#texture" },
        "west":  { "uv": [ 8.751, 0.251, 8.999, 0.499 ], "texture": "#texture" },
        "east":  { "uv": [ 7.001, 0.251, 7.249, 0.499 ], "texture": "#texture" }
    }
},
{
    "__comment": "Survivalwand2",
    "from": [ 7.25, 1.5, 8.75 ],
    "to": [ 8.5, 1.75, 9 ],
    "faces": {
        "down":  { "uv": [ 6.999, 7.499, 6.251, 7.001 ], "texture": "#texture" },
        "up":    { "uv": [ 6.001, 6.501, 6.749, 6.999 ], "texture": "#texture" },
        "north": { "uv": [ 7.751, 6.501, 8.499, 6.749 ], "texture": "#texture" },
        "south": { "uv": [ 7.501, 6.501, 8.249, 6.749 ], "texture": "#texture" },
        "west":  { "uv": [ 9.001, 6.501, 9.499, 6.749 ], "texture": "#texture" },
        "east":  { "uv": [ 6.501, 6.501, 6.999, 6.749 ], "texture": "#texture" }
    }
},
{
    "__comment": "Survivalwand2",
    "from": [ 7.25, 14, 8.75 ],
    "to": [ 7.75, 14.25, 9 ],
    "faces": {
        "down":  { "uv": [ 8.249, 4.499, 8.001, 4.251 ], "texture": "#texture" },
        "up":    { "uv": [ 7.751, 4.751, 7.999, 4.999 ], "texture": "#texture" },
        "north": { "uv": [ 8.001, 0.251, 8.249, 0.499 ], "texture": "#texture" },
        "south": { "uv": [ 7.751, 0.251, 7.999, 0.499 ], "texture": "#texture" },
        "west":  { "uv": [ 8.751, 0.251, 8.999, 0.499 ], "texture": "#texture" },
        "east":  { "uv": [ 7.001, 0.251, 7.249, 0.499 ], "texture": "#texture" }
    }
},
{
    "__comment": "Survivalwand2",
    "from": [ 7.25, 1.25, 9 ],
    "to": [ 8.5, 1.5, 9.25 ],
    "faces": {
        "down":  { "uv": [ 8.749, 10.749, 7.501, 10.501 ], "texture": "#texture" },
        "up":    { "uv": [ 7.251, 10.501, 8.499, 10.749 ], "texture": "#texture" },
        "north": { "uv": [ 7.501, 14.501, 8.749, 14.749 ], "texture": "#texture" },
        "south": { "uv": [ 7.251, 14.501, 8.499, 14.749 ], "texture": "#texture" },
        "west":  { "uv": [ 9.001, 14.501, 9.249, 14.749 ], "texture": "#texture" },
        "east":  { "uv": [ 6.751, 14.501, 6.999, 14.749 ], "texture": "#texture" }
    }
},
{
    "__comment": "Survivalwand2",
    "from": [ 7.25, 1.75, 9 ],
    "to": [ 8.75, 2, 9.5 ],
    "faces": {
        "down":  { "uv": [ 6.999, 7.499, 6.251, 7.001 ], "texture": "#texture" },
        "up":    { "uv": [ 6.001, 6.501, 6.749, 6.999 ], "texture": "#texture" },
        "north": { "uv": [ 7.751, 6.501, 8.499, 6.749 ], "texture": "#texture" },
        "south": { "uv": [ 7.501, 6.501, 8.249, 6.749 ], "texture": "#texture" },
        "west":  { "uv": [ 9.001, 6.501, 9.499, 6.749 ], "texture": "#texture" },
        "east":  { "uv": [ 6.501, 6.501, 6.999, 6.749 ], "texture": "#texture" }
    }
},
{
    "__comment": "Survivalwand2",
    "from": [ 7.25, 5, 9 ],
    "to": [ 8.5, 5.75, 9.25 ],
    "faces": {
        "down":  { "uv": [ 6.999, 7.499, 6.251, 7.001 ], "texture": "#texture" },
        "up":    { "uv": [ 6.001, 6.501, 6.749, 6.999 ], "texture": "#texture" },
        "north": { "uv": [ 7.751, 6.501, 8.499, 6.749 ], "texture": "#texture" },
        "south": { "uv": [ 7.501, 6.501, 8.249, 6.749 ], "texture": "#texture" },
        "west":  { "uv": [ 9.001, 6.501, 9.499, 6.749 ], "texture": "#texture" },
        "east":  { "uv": [ 6.501, 6.501, 6.999, 6.749 ], "texture": "#texture" }
    }
},
{
    "__comment": "Survivalwand2",
    "from": [ 7.25, 9, 9 ],
    "to": [ 8.5, 9.25, 9.25 ],
    "faces": {
        "down":  { "uv": [ 6.999, 7.499, 6.251, 7.001 ], "texture": "#texture" },
        "up":    { "uv": [ 6.001, 6.501, 6.749, 6.999 ], "texture": "#texture" },
        "north": { "uv": [ 7.751, 6.501, 8.499, 6.749 ], "texture": "#texture" },
        "south": { "uv": [ 7.501, 6.501, 8.249, 6.749 ], "texture": "#texture" },
        "west":  { "uv": [ 9.001, 6.501, 9.499, 6.749 ], "texture": "#texture" },
        "east":  { "uv": [ 6.501, 6.501, 6.999, 6.749 ], "texture": "#texture" }
    }
},
{
    "__comment": "Survivalwand2",
    "from": [ 7.25, 1.5, 9.25 ],
    "to": [ 8.75, 1.75, 9.5 ],
    "faces": {
        "down":  { "uv": [ 6.999, 7.499, 6.251, 7.001 ], "texture": "#texture" },
        "up":    { "uv": [ 6.001, 6.501, 6.749, 6.999 ], "texture": "#texture" },
        "north": { "uv": [ 7.751, 6.501, 8.499, 6.749 ], "texture": "#texture" },
        "south": { "uv": [ 7.501, 6.501, 8.249, 6.749 ], "texture": "#texture" },
        "west":  { "uv": [ 9.001, 6.501, 9.499, 6.749 ], "texture": "#texture" },
        "east":  { "uv": [ 6.501, 6.501, 6.999, 6.749 ], "texture": "#texture" }
    }
},
{
    "__comment": "Survivalwand2",
    "from": [ 7.25, 5.25, 9.25 ],
    "to": [ 8.75, 5.5, 9.5 ],
    "faces": {
        "down":  { "uv": [ 6.999, 7.499, 6.251, 7.001 ], "texture": "#texture" },
        "up":    { "uv": [ 6.001, 6.501, 6.749, 6.999 ], "texture": "#texture" },
        "north": { "uv": [ 7.751, 6.501, 8.499, 6.749 ], "texture": "#texture" },
        "south": { "uv": [ 7.501, 6.501, 8.249, 6.749 ], "texture": "#texture" },
        "west":  { "uv": [ 9.001, 6.501, 9.499, 6.749 ], "texture": "#texture" },
        "east":  { "uv": [ 6.501, 6.501, 6.999, 6.749 ], "texture": "#texture" }
    }
},
{
    "__comment": "Survivalwand2",
    "from": [ 7.25, 10.75, 9.25 ],
    "to": [ 8, 11, 10 ],
    "faces": {
        "down":  { "uv": [ 8.249, 4.499, 8.001, 4.251 ], "texture": "#texture" },
        "up":    { "uv": [ 7.751, 4.751, 7.999, 4.999 ], "texture": "#texture" },
        "north": { "uv": [ 8.001, 0.251, 8.249, 0.499 ], "texture": "#texture" },
        "south": { "uv": [ 7.751, 0.251, 7.999, 0.499 ], "texture": "#texture" },
        "west":  { "uv": [ 8.751, 0.251, 8.999, 0.499 ], "texture": "#texture" },
        "east":  { "uv": [ 7.001, 0.251, 7.249, 0.499 ], "texture": "#texture" }
    }
},
{
    "__comment": "Survivalwand2",
    "from": [ 7.25, 13.75, 9.25 ],
    "to": [ 7.5, 14, 9.75 ],
    "faces": {
        "down":  { "uv": [ 6.249, 6.249, 5.001, 6.001 ], "texture": "#texture" },
        "up":    { "uv": [ 5.751, 5.001, 6.999, 5.249 ], "texture": "#texture" },
        "north": { "uv": [ 7.501, 4.001, 8.749, 4.249 ], "texture": "#texture" },
        "south": { "uv": [ 7.251, 4.001, 8.499, 4.249 ], "texture": "#texture" },
        "west":  { "uv": [ 8.001, 4.001, 8.249, 4.249 ], "texture": "#texture" },
        "east":  { "uv": [ 7.751, 4.001, 7.999, 4.249 ], "texture": "#texture" }
    }
},
{
    "__comment": "Survivalwand2",
    "from": [ 7.25, 13.25, 9.5 ],
    "to": [ 7.5, 13.5, 9.75 ],
    "faces": {
        "down":  { "uv": [ 8.749, 5.749, 8.501, 5.501 ], "texture": "#texture" },
        "up":    { "uv": [ 7.251, 5.001, 7.499, 5.249 ], "texture": "#texture" },
        "north": { "uv": [ 8.501, 2.501, 8.749, 2.749 ], "texture": "#texture" },
        "south": { "uv": [ 7.251, 2.501, 7.499, 2.749 ], "texture": "#texture" },
        "west":  { "uv": [ 9.501, 2.501, 9.749, 2.749 ], "texture": "#texture" },
        "east":  { "uv": [ 6.251, 2.501, 6.499, 2.749 ], "texture": "#texture" }
    }
},
{
    "__comment": "Survivalwand2",
    "from": [ 7.25, 13.5, 10.25 ],
    "to": [ 7.5, 13.75, 10.5 ],
    "faces": {
        "down":  { "uv": [ 8.249, 4.499, 8.001, 4.251 ], "texture": "#texture" },
        "up":    { "uv": [ 7.751, 4.751, 7.999, 4.999 ], "texture": "#texture" },
        "north": { "uv": [ 8.001, 0.251, 8.249, 0.499 ], "texture": "#texture" },
        "south": { "uv": [ 7.751, 0.251, 7.999, 0.499 ], "texture": "#texture" },
        "west":  { "uv": [ 8.751, 0.251, 8.999, 0.499 ], "texture": "#texture" },
        "east":  { "uv": [ 7.001, 0.251, 7.249, 0.499 ], "texture": "#texture" }
    }
},
{
    "__comment": "Survivalwand2",
    "from": [ 7.5, 11.25, 8.6 ],
    "to": [ 8.25, 11.75, 9.1 ],
    "faces": {
        "down":  { "uv": [ 15.999, 1.249, 14.751, 0.001 ], "texture": "#texture" },
        "up":    { "uv": [ 14.751, 0.001, 15.999, 1.249 ], "texture": "#texture" },
        "north": { "uv": [ 13.501, 0.501, 14.749, 0.749 ], "texture": "#texture" },
        "south": { "uv": [ 14.501, 0.501, 15.749, 0.749 ], "texture": "#texture" },
        "west":  { "uv": [ 13.001, 2.501, 14.249, 2.749 ], "texture": "#texture" },
        "east":  { "uv": [ 14.001, 3.501, 15.249, 3.749 ], "texture": "#texture" }
    }
},
{
    "__comment": "Survivalwand2",
    "from": [ 7.5, 11.75, 8.6 ],
    "to": [ 8.5, 13.5, 8.85 ],
    "faces": {
        "down":  { "uv": [ 15.999, 1.249, 14.751, 0.001 ], "texture": "#texture" },
        "up":    { "uv": [ 14.751, 0.001, 15.999, 1.249 ], "texture": "#texture" },
        "north": { "uv": [ 13.501, 0.501, 14.749, 0.749 ], "texture": "#texture" },
        "south": { "uv": [ 14.501, 0.501, 15.749, 0.749 ], "texture": "#texture" },
        "west":  { "uv": [ 13.001, 2.501, 14.249, 2.749 ], "texture": "#texture" },
        "east":  { "uv": [ 14.001, 3.501, 15.249, 3.749 ], "texture": "#texture" }
    }
},
{
    "__comment": "Survivalwand2",
    "from": [ 7.5, 13.75, 8.6 ],
    "to": [ 8.5, 14, 9.1 ],
    "faces": {
        "down":  { "uv": [ 15.999, 1.249, 14.751, 0.001 ], "texture": "#texture" },
        "up":    { "uv": [ 14.751, 0.001, 15.999, 1.249 ], "texture": "#texture" },
        "north": { "uv": [ 13.501, 0.501, 14.749, 0.749 ], "texture": "#texture" },
        "south": { "uv": [ 14.501, 0.501, 15.749, 0.749 ], "texture": "#texture" },
        "west":  { "uv": [ 13.001, 2.501, 14.249, 2.749 ], "texture": "#texture" },
        "east":  { "uv": [ 14.001, 3.501, 15.249, 3.749 ], "texture": "#texture" }
    }
},
{
    "__comment": "Survivalwand2",
    "from": [ 7.5, 11, 8.85 ],
    "to": [ 8.25, 11.25, 9.6 ],
    "faces": {
        "down":  { "uv": [ 15.999, 1.249, 14.751, 0.001 ], "texture": "#texture" },
        "up":    { "uv": [ 14.751, 0.001, 15.999, 1.249 ], "texture": "#texture" },
        "north": { "uv": [ 13.501, 0.501, 14.749, 0.749 ], "texture": "#texture" },
        "south": { "uv": [ 14.501, 0.501, 15.749, 0.749 ], "texture": "#texture" },
        "west":  { "uv": [ 13.001, 2.501, 14.249, 2.749 ], "texture": "#texture" },
        "east":  { "uv": [ 14.001, 3.501, 15.249, 3.749 ], "texture": "#texture" }
    }
},
{
    "__comment": "Survivalwand2",
    "from": [ 7.5, 14, 8.85 ],
    "to": [ 8.5, 14.25, 9.6 ],
    "faces": {
        "down":  { "uv": [ 15.999, 1.249, 14.751, 0.001 ], "texture": "#texture" },
        "up":    { "uv": [ 14.751, 0.001, 15.999, 1.249 ], "texture": "#texture" },
        "north": { "uv": [ 13.501, 0.501, 14.749, 0.749 ], "texture": "#texture" },
        "south": { "uv": [ 14.501, 0.501, 15.749, 0.749 ], "texture": "#texture" },
        "west":  { "uv": [ 13.001, 2.501, 14.249, 2.749 ], "texture": "#texture" },
        "east":  { "uv": [ 14.001, 3.501, 15.249, 3.749 ], "texture": "#texture" }
    }
},
{
    "__comment": "Survivalwand2",
    "from": [ 7.5, 11.25, 9.35 ],
    "to": [ 8.25, 11.75, 9.85 ],
    "faces": {
        "down":  { "uv": [ 15.999, 1.249, 14.751, 0.001 ], "texture": "#texture" },
        "up":    { "uv": [ 14.751, 0.001, 15.999, 1.249 ], "texture": "#texture" },
        "north": { "uv": [ 13.501, 0.501, 14.749, 0.749 ], "texture": "#texture" },
        "south": { "uv": [ 14.501, 0.501, 15.749, 0.749 ], "texture": "#texture" },
        "west":  { "uv": [ 13.001, 2.501, 14.249, 2.749 ], "texture": "#texture" },
        "east":  { "uv": [ 14.001, 3.501, 15.249, 3.749 ], "texture": "#texture" }
    }
},
{
    "__comment": "Survivalwand2",
    "from": [ 7.5, 13.75, 9.35 ],
    "to": [ 8.5, 14, 9.85 ],
    "faces": {
        "down":  { "uv": [ 15.999, 1.249, 14.751, 0.001 ], "texture": "#texture" },
        "up":    { "uv": [ 14.751, 0.001, 15.999, 1.249 ], "texture": "#texture" },
        "north": { "uv": [ 13.501, 0.501, 14.749, 0.749 ], "texture": "#texture" },
        "south": { "uv": [ 14.501, 0.501, 15.749, 0.749 ], "texture": "#texture" },
        "west":  { "uv": [ 13.001, 2.501, 14.249, 2.749 ], "texture": "#texture" },
        "east":  { "uv": [ 14.001, 3.501, 15.249, 3.749 ], "texture": "#texture" }
    }
},
{
    "__comment": "Survivalwand2",
    "from": [ 7.5, 11.75, 9.6 ],
    "to": [ 8.5, 13.5, 9.85 ],
    "faces": {
        "down":  { "uv": [ 15.999, 1.249, 14.751, 0.001 ], "texture": "#texture" },
        "up":    { "uv": [ 14.751, 0.001, 15.999, 1.249 ], "texture": "#texture" },
        "north": { "uv": [ 13.501, 0.501, 14.749, 0.749 ], "texture": "#texture" },
        "south": { "uv": [ 14.501, 0.501, 15.749, 0.749 ], "texture": "#texture" },
        "west":  { "uv": [ 13.001, 2.501, 14.249, 2.749 ], "texture": "#texture" },
        "east":  { "uv": [ 14.001, 3.501, 15.249, 3.749 ], "texture": "#texture" }
    }
},
{
    "__comment": "Survivalwand2",
    "from": [ 7.5, 11.5, 8.25 ],
    "to": [ 7.75, 11.75, 9 ],
    "faces": {
        "down":  { "uv": [ 2.999, 4.999, 2.751, 4.251 ], "texture": "#texture" },
        "up":    { "uv": [ 4.001, 4.251, 4.249, 4.999 ], "texture": "#texture" },
        "north": { "uv": [ 8.251, 4.251, 8.499, 4.499 ], "texture": "#texture" },
        "south": { "uv": [ 7.501, 4.251, 7.749, 4.499 ], "texture": "#texture" },
        "west":  { "uv": [ 8.251, 4.251, 8.999, 4.499 ], "texture": "#texture" },
        "east":  { "uv": [ 7.001, 4.251, 7.749, 4.499 ], "texture": "#texture" }
    }
},
{
    "__comment": "Survivalwand2",
    "from": [ 7.5, 11.75, 8.25 ],
    "to": [ 8.25, 12, 8.75 ],
    "faces": {
        "down":  { "uv": [ 6.249, 6.249, 5.001, 6.001 ], "texture": "#texture" },
        "up":    { "uv": [ 5.751, 5.001, 6.999, 5.249 ], "texture": "#texture" },
        "north": { "uv": [ 7.501, 4.001, 8.749, 4.249 ], "texture": "#texture" },
        "south": { "uv": [ 7.251, 4.001, 8.499, 4.249 ], "texture": "#texture" },
        "west":  { "uv": [ 8.001, 4.001, 8.249, 4.249 ], "texture": "#texture" },
        "east":  { "uv": [ 7.751, 4.001, 7.999, 4.249 ], "texture": "#texture" }
    }
},
{
    "__comment": "Survivalwand2",
    "from": [ 7.5, 12, 8.25 ],
    "to": [ 9, 12.25, 8.5 ],
    "faces": {
        "down":  { "uv": [ 6.249, 6.249, 5.001, 6.001 ], "texture": "#texture" },
        "up":    { "uv": [ 5.751, 5.001, 6.999, 5.249 ], "texture": "#texture" },
        "north": { "uv": [ 7.501, 4.001, 8.749, 4.249 ], "texture": "#texture" },
        "south": { "uv": [ 7.251, 4.001, 8.499, 4.249 ], "texture": "#texture" },
        "west":  { "uv": [ 8.001, 4.001, 8.249, 4.249 ], "texture": "#texture" },
        "east":  { "uv": [ 7.751, 4.001, 7.999, 4.249 ], "texture": "#texture" }
    }
},
{
    "__comment": "Survivalwand2",
    "from": [ 7.5, 14, 8.25 ],
    "to": [ 7.75, 14.25, 8.75 ],
    "faces": {
        "down":  { "uv": [ 8.249, 4.499, 8.001, 4.251 ], "texture": "#texture" },
        "up":    { "uv": [ 7.751, 4.751, 7.999, 4.999 ], "texture": "#texture" },
        "north": { "uv": [ 8.001, 0.251, 8.249, 0.499 ], "texture": "#texture" },
        "south": { "uv": [ 7.751, 0.251, 7.999, 0.499 ], "texture": "#texture" },
        "west":  { "uv": [ 8.751, 0.251, 8.999, 0.499 ], "texture": "#texture" },
        "east":  { "uv": [ 7.001, 0.251, 7.249, 0.499 ], "texture": "#texture" }
    }
},
{
    "__comment": "Survivalwand2",
    "from": [ 7.5, 14.5, 8.25 ],
    "to": [ 8.25, 14.75, 8.75 ],
    "faces": {
        "down":  { "uv": [ 8.249, 4.499, 8.001, 4.251 ], "texture": "#texture" },
        "up":    { "uv": [ 7.751, 4.751, 7.999, 4.999 ], "texture": "#texture" },
        "north": { "uv": [ 8.001, 0.251, 8.249, 0.499 ], "texture": "#texture" },
        "south": { "uv": [ 7.751, 0.251, 7.999, 0.499 ], "texture": "#texture" },
        "west":  { "uv": [ 8.751, 0.251, 8.999, 0.499 ], "texture": "#texture" },
        "east":  { "uv": [ 7.001, 0.251, 7.249, 0.499 ], "texture": "#texture" }
    }
},
{
    "__comment": "Survivalwand2",
    "from": [ 7.5, 1.5, 8.5 ],
    "to": [ 8.25, 1.75, 8.75 ],
    "faces": {
        "down":  { "uv": [ 6.999, 7.499, 6.251, 7.001 ], "texture": "#texture" },
        "up":    { "uv": [ 6.001, 6.501, 6.749, 6.999 ], "texture": "#texture" },
        "north": { "uv": [ 7.751, 6.501, 8.499, 6.749 ], "texture": "#texture" },
        "south": { "uv": [ 7.501, 6.501, 8.249, 6.749 ], "texture": "#texture" },
        "west":  { "uv": [ 9.001, 6.501, 9.499, 6.749 ], "texture": "#texture" },
        "east":  { "uv": [ 6.501, 6.501, 6.999, 6.749 ], "texture": "#texture" }
    }
},
{
    "__comment": "Survivalwand2",
    "from": [ 7.5, 14.75, 8.5 ],
    "to": [ 8.25, 15, 8.75 ],
    "faces": {
        "down":  { "uv": [ 8.249, 4.499, 8.001, 4.251 ], "texture": "#texture" },
        "up":    { "uv": [ 7.751, 4.751, 7.999, 4.999 ], "texture": "#texture" },
        "north": { "uv": [ 8.001, 0.251, 8.249, 0.499 ], "texture": "#texture" },
        "south": { "uv": [ 7.751, 0.251, 7.999, 0.499 ], "texture": "#texture" },
        "west":  { "uv": [ 8.751, 0.251, 8.999, 0.499 ], "texture": "#texture" },
        "east":  { "uv": [ 7.001, 0.251, 7.249, 0.499 ], "texture": "#texture" }
    }
},
{
    "__comment": "Survivalwand2",
    "from": [ 7.5, 1.25, 8.75 ],
    "to": [ 8.5, 1.5, 9 ],
    "faces": {
        "down":  { "uv": [ 8.499, 10.999, 7.501, 10.751 ], "texture": "#texture" },
        "up":    { "uv": [ 7.501, 10.751, 8.499, 10.999 ], "texture": "#texture" },
        "north": { "uv": [ 7.501, 14.501, 8.499, 14.749 ], "texture": "#texture" },
        "south": { "uv": [ 7.501, 14.501, 8.499, 14.749 ], "texture": "#texture" },
        "west":  { "uv": [ 8.751, 14.501, 8.999, 14.749 ], "texture": "#texture" },
        "east":  { "uv": [ 7.001, 14.501, 7.249, 14.749 ], "texture": "#texture" }
    }
},
{
    "__comment": "Survivalwand2",
    "from": [ 7.5, 1.75, 8.75 ],
    "to": [ 8.5, 2, 9 ],
    "faces": {
        "down":  { "uv": [ 6.999, 7.499, 6.251, 7.001 ], "texture": "#texture" },
        "up":    { "uv": [ 6.001, 6.501, 6.749, 6.999 ], "texture": "#texture" },
        "north": { "uv": [ 7.751, 6.501, 8.499, 6.749 ], "texture": "#texture" },
        "south": { "uv": [ 7.501, 6.501, 8.249, 6.749 ], "texture": "#texture" },
        "west":  { "uv": [ 9.001, 6.501, 9.499, 6.749 ], "texture": "#texture" },
        "east":  { "uv": [ 6.501, 6.501, 6.999, 6.749 ], "texture": "#texture" }
    }
},
{
    "__comment": "Survivalwand2",
    "from": [ 7.5, 5, 8.75 ],
    "to": [ 8.25, 5.75, 9 ],
    "faces": {
        "down":  { "uv": [ 6.999, 7.499, 6.251, 7.001 ], "texture": "#texture" },
        "up":    { "uv": [ 6.001, 6.501, 6.749, 6.999 ], "texture": "#texture" },
        "north": { "uv": [ 7.751, 6.501, 8.499, 6.749 ], "texture": "#texture" },
        "south": { "uv": [ 7.501, 6.501, 8.249, 6.749 ], "texture": "#texture" },
        "west":  { "uv": [ 9.001, 6.501, 9.499, 6.749 ], "texture": "#texture" },
        "east":  { "uv": [ 6.501, 6.501, 6.999, 6.749 ], "texture": "#texture" }
    }
},
{
    "__comment": "Survivalwand2",
    "from": [ 7.5, 9, 8.75 ],
    "to": [ 8.5, 9.25, 9 ],
    "faces": {
        "down":  { "uv": [ 6.999, 7.499, 6.251, 7.001 ], "texture": "#texture" },
        "up":    { "uv": [ 6.001, 6.501, 6.749, 6.999 ], "texture": "#texture" },
        "north": { "uv": [ 7.751, 6.501, 8.499, 6.749 ], "texture": "#texture" },
        "south": { "uv": [ 7.501, 6.501, 8.249, 6.749 ], "texture": "#texture" },
        "west":  { "uv": [ 9.001, 6.501, 9.499, 6.749 ], "texture": "#texture" },
        "east":  { "uv": [ 6.501, 6.501, 6.999, 6.749 ], "texture": "#texture" }
    }
},
{
    "__comment": "Survivalwand2",
    "from": [ 7.5, 0.25, 9 ],
    "to": [ 8.25, 1.25, 9.25 ],
    "faces": {
        "down":  { "uv": [ 8.499, 15.749, 7.751, 15.501 ], "texture": "#texture" },
        "up":    { "uv": [ 7.501, 15.501, 8.249, 15.749 ], "texture": "#texture" },
        "north": { "uv": [ 7.751, 14.751, 8.499, 15.749 ], "texture": "#texture" },
        "south": { "uv": [ 7.501, 14.751, 8.249, 15.749 ], "texture": "#texture" },
        "west":  { "uv": [ 9.001, 14.751, 9.249, 15.749 ], "texture": "#texture" },
        "east":  { "uv": [ 6.751, 14.751, 6.999, 15.749 ], "texture": "#texture" }
    }
},
{
    "__comment": "Survivalwand2",
    "from": [ 7.5, 2, 9 ],
    "to": [ 8.5, 5, 9.5 ],
    "faces": {
        "down":  { "uv": [ 8.499, 9.499, 7.501, 9.001 ], "texture": "#texture" },
        "up":    { "uv": [ 7.501, 9.001, 8.499, 9.499 ], "texture": "#texture" },
        "north": { "uv": [ 7.501, 11.001, 8.499, 13.999 ], "texture": "#texture" },
        "south": { "uv": [ 7.501, 11.001, 8.499, 13.999 ], "texture": "#texture" },
        "west":  { "uv": [ 9.001, 11.001, 9.499, 13.999 ], "texture": "#texture" },
        "east":  { "uv": [ 6.501, 11.001, 6.999, 13.999 ], "texture": "#texture" }
    }
},
{
    "__comment": "Survivalwand2",
    "from": [ 7.5, 5.75, 9 ],
    "to": [ 8.5, 9, 9.5 ],
    "faces": {
        "down":  { "uv": [ 8.499, 9.499, 7.501, 9.001 ], "texture": "#texture" },
        "up":    { "uv": [ 7.501, 9.001, 8.499, 9.499 ], "texture": "#texture" },
        "north": { "uv": [ 7.501, 7.001, 8.499, 10.249 ], "texture": "#texture" },
        "south": { "uv": [ 7.501, 7.001, 8.499, 10.249 ], "texture": "#texture" },
        "west":  { "uv": [ 9.001, 7.001, 9.499, 10.249 ], "texture": "#texture" },
        "east":  { "uv": [ 6.501, 7.001, 6.999, 10.249 ], "texture": "#texture" }
    }
},
{
    "__comment": "Survivalwand2",
    "from": [ 7.5, 9.25, 9 ],
    "to": [ 8.25, 9.5, 9.5 ],
    "faces": {
        "down":  { "uv": [ 6.999, 7.499, 6.251, 7.001 ], "texture": "#texture" },
        "up":    { "uv": [ 6.001, 6.501, 6.749, 6.999 ], "texture": "#texture" },
        "north": { "uv": [ 7.751, 6.501, 8.499, 6.749 ], "texture": "#texture" },
        "south": { "uv": [ 7.501, 6.501, 8.249, 6.749 ], "texture": "#texture" },
        "west":  { "uv": [ 9.001, 6.501, 9.499, 6.749 ], "texture": "#texture" },
        "east":  { "uv": [ 6.501, 6.501, 6.999, 6.749 ], "texture": "#texture" }
    }
},
{
    "__comment": "Survivalwand2",
    "from": [ 7.5, 9.5, 9 ],
    "to": [ 8.25, 10, 9.25 ],
    "faces": {
        "down":  { "uv": [ 2.999, 4.249, 2.251, 4.001 ], "texture": "#texture" },
        "up":    { "uv": [ 6.501, 5.001, 7.249, 5.249 ], "texture": "#texture" },
        "north": { "uv": [ 7.751, 6.001, 8.499, 6.499 ], "texture": "#texture" },
        "south": { "uv": [ 7.501, 6.001, 8.249, 6.499 ], "texture": "#texture" },
        "west":  { "uv": [ 9.001, 6.001, 9.249, 6.499 ], "texture": "#texture" },
        "east":  { "uv": [ 6.751, 6.001, 6.999, 6.499 ], "texture": "#texture" }
    }
},
{
    "__comment": "Survivalwand2",
    "from": [ 7.5, 0.5, 9.25 ],
    "to": [ 8.25, 1.5, 9.5 ],
    "faces": {
        "down":  { "uv": [ 8.499, 15.499, 7.751, 15.251 ], "texture": "#texture" },
        "up":    { "uv": [ 7.501, 15.251, 8.249, 15.499 ], "texture": "#texture" },
        "north": { "uv": [ 7.751, 14.501, 8.499, 15.499 ], "texture": "#texture" },
        "south": { "uv": [ 7.501, 14.501, 8.249, 15.499 ], "texture": "#texture" },
        "west":  { "uv": [ 9.251, 14.501, 9.499, 15.499 ], "texture": "#texture" },
        "east":  { "uv": [ 6.501, 14.501, 6.749, 15.499 ], "texture": "#texture" }
    }
},
{
    "__comment": "Survivalwand2",
    "from": [ 7.5, 5, 9.25 ],
    "to": [ 8.5, 5.25, 9.5 ],
    "faces": {
        "down":  { "uv": [ 8.499, 9.499, 7.501, 9.251 ], "texture": "#texture" },
        "up":    { "uv": [ 7.501, 9.251, 8.499, 9.499 ], "texture": "#texture" },
        "north": { "uv": [ 7.501, 10.251, 8.499, 10.499 ], "texture": "#texture" },
        "south": { "uv": [ 7.501, 10.251, 8.499, 10.499 ], "texture": "#texture" },
        "west":  { "uv": [ 9.251, 10.251, 9.499, 10.499 ], "texture": "#texture" },
        "east":  { "uv": [ 6.501, 10.251, 6.749, 10.499 ], "texture": "#texture" }
    }
},
{
    "__comment": "Survivalwand2",
    "from": [ 7.5, 5.5, 9.25 ],
    "to": [ 8.25, 5.75, 9.75 ],
    "faces": {
        "down":  { "uv": [ 6.999, 7.499, 6.251, 7.001 ], "texture": "#texture" },
        "up":    { "uv": [ 6.001, 6.501, 6.749, 6.999 ], "texture": "#texture" },
        "north": { "uv": [ 7.751, 6.501, 8.499, 6.749 ], "texture": "#texture" },
        "south": { "uv": [ 7.501, 6.501, 8.249, 6.749 ], "texture": "#texture" },
        "west":  { "uv": [ 9.001, 6.501, 9.499, 6.749 ], "texture": "#texture" },
        "east":  { "uv": [ 6.501, 6.501, 6.999, 6.749 ], "texture": "#texture" }
    }
},
{
    "__comment": "Survivalwand2",
    "from": [ 7.5, 9, 9.25 ],
    "to": [ 8.25, 9.25, 9.75 ],
    "faces": {
        "down":  { "uv": [ 6.999, 7.499, 6.251, 7.001 ], "texture": "#texture" },
        "up":    { "uv": [ 6.001, 6.501, 6.749, 6.999 ], "texture": "#texture" },
        "north": { "uv": [ 7.751, 6.501, 8.499, 6.749 ], "texture": "#texture" },
        "south": { "uv": [ 7.501, 6.501, 8.249, 6.749 ], "texture": "#texture" },
        "west":  { "uv": [ 9.001, 6.501, 9.499, 6.749 ], "texture": "#texture" },
        "east":  { "uv": [ 6.501, 6.501, 6.999, 6.749 ], "texture": "#texture" }
    }
},
{
    "__comment": "Survivalwand2",
    "from": [ 7.5, 10.25, 9.25 ],
    "to": [ 8.25, 10.75, 9.5 ],
    "faces": {
        "down":  { "uv": [ 8.249, 4.499, 8.001, 4.251 ], "texture": "#texture" },
        "up":    { "uv": [ 7.751, 4.751, 7.999, 4.999 ], "texture": "#texture" },
        "north": { "uv": [ 8.001, 0.251, 8.249, 0.499 ], "texture": "#texture" },
        "south": { "uv": [ 7.751, 0.251, 7.999, 0.499 ], "texture": "#texture" },
        "west":  { "uv": [ 8.751, 0.251, 8.999, 0.499 ], "texture": "#texture" },
        "east":  { "uv": [ 7.001, 0.251, 7.249, 0.499 ], "texture": "#texture" }
    }
},
{
    "__comment": "Survivalwand2",
    "from": [ 7.5, 11, 9.25 ],
    "to": [ 7.75, 11.25, 10 ],
    "faces": {
        "down":  { "uv": [ 8.249, 4.499, 8.001, 4.251 ], "texture": "#texture" },
        "up":    { "uv": [ 7.751, 4.751, 7.999, 4.999 ], "texture": "#texture" },
        "north": { "uv": [ 8.001, 0.251, 8.249, 0.499 ], "texture": "#texture" },
        "south": { "uv": [ 7.751, 0.251, 7.999, 0.499 ], "texture": "#texture" },
        "west":  { "uv": [ 8.751, 0.251, 8.999, 0.499 ], "texture": "#texture" },
        "east":  { "uv": [ 7.001, 0.251, 7.249, 0.499 ], "texture": "#texture" }
    }
},
{
    "__comment": "Survivalwand2",
    "from": [ 7.5, 1.25, 9.5 ],
    "to": [ 8.25, 2, 9.75 ],
    "faces": {
        "down":  { "uv": [ 6.999, 7.499, 6.251, 7.001 ], "texture": "#texture" },
        "up":    { "uv": [ 6.001, 6.501, 6.749, 6.999 ], "texture": "#texture" },
        "north": { "uv": [ 7.751, 6.501, 8.499, 6.749 ], "texture": "#texture" },
        "south": { "uv": [ 7.501, 6.501, 8.249, 6.749 ], "texture": "#texture" },
        "west":  { "uv": [ 9.001, 6.501, 9.499, 6.749 ], "texture": "#texture" },
        "east":  { "uv": [ 6.501, 6.501, 6.999, 6.749 ], "texture": "#texture" }
    }
},
{
    "__comment": "Survivalwand2",
    "from": [ 7.5, 5.25, 9.5 ],
    "to": [ 8.5, 5.5, 9.75 ],
    "faces": {
        "down":  { "uv": [ 6.999, 7.499, 6.251, 7.001 ], "texture": "#texture" },
        "up":    { "uv": [ 6.001, 6.501, 6.749, 6.999 ], "texture": "#texture" },
        "north": { "uv": [ 7.751, 6.501, 8.499, 6.749 ], "texture": "#texture" },
        "south": { "uv": [ 7.501, 6.501, 8.249, 6.749 ], "texture": "#texture" },
        "west":  { "uv": [ 9.001, 6.501, 9.499, 6.749 ], "texture": "#texture" },
        "east":  { "uv": [ 6.501, 6.501, 6.999, 6.749 ], "texture": "#texture" }
    }
},
{
    "__comment": "Survivalwand2",
    "from": [ 7.5, 10.5, 9.5 ],
    "to": [ 8, 10.75, 10 ],
    "faces": {
        "down":  { "uv": [ 8.249, 4.499, 8.001, 4.251 ], "texture": "#texture" },
        "up":    { "uv": [ 7.751, 4.751, 7.999, 4.999 ], "texture": "#texture" },
        "north": { "uv": [ 8.001, 0.251, 8.249, 0.499 ], "texture": "#texture" },
        "south": { "uv": [ 7.751, 0.251, 7.999, 0.499 ], "texture": "#texture" },
        "west":  { "uv": [ 8.751, 0.251, 8.999, 0.499 ], "texture": "#texture" },
        "east":  { "uv": [ 7.001, 0.251, 7.249, 0.499 ], "texture": "#texture" }
    }
},
{
    "__comment": "Survivalwand2",
    "from": [ 7.5, 13.5, 9.75 ],
    "to": [ 7.75, 13.75, 10 ],
    "faces": {
        "down":  { "uv": [ 8.249, 4.499, 8.001, 4.251 ], "texture": "#texture" },
        "up":    { "uv": [ 7.751, 4.751, 7.999, 4.999 ], "texture": "#texture" },
        "north": { "uv": [ 8.001, 0.251, 8.249, 0.499 ], "texture": "#texture" },
        "south": { "uv": [ 7.751, 0.251, 7.999, 0.499 ], "texture": "#texture" },
        "west":  { "uv": [ 8.751, 0.251, 8.999, 0.499 ], "texture": "#texture" },
        "east":  { "uv": [ 7.001, 0.251, 7.249, 0.499 ], "texture": "#texture" }
    }
},
{
    "__comment": "Survivalwand2",
    "from": [ 7.5, 13, 10 ],
    "to": [ 8.75, 13.25, 10.5 ],
    "faces": {
        "down":  { "uv": [ 3.249, 4.499, 3.001, 4.251 ], "texture": "#texture" },
        "up":    { "uv": [ 7.751, 4.751, 7.999, 4.999 ], "texture": "#texture" },
        "north": { "uv": [ 8.001, 0.251, 8.249, 0.499 ], "texture": "#texture" },
        "south": { "uv": [ 7.751, 0.251, 7.999, 0.499 ], "texture": "#texture" },
        "west":  { "uv": [ 8.751, 0.251, 8.999, 0.499 ], "texture": "#texture" },
        "east":  { "uv": [ 7.001, 0.251, 7.249, 0.499 ], "texture": "#texture" }
    }
},
{
    "__comment": "Survivalwand2",
    "from": [ 7.5, 13.25, 10.25 ],
    "to": [ 8.25, 13.5, 10.5 ],
    "faces": {
        "down":  { "uv": [ 8.249, 4.499, 8.001, 4.251 ], "texture": "#texture" },
        "up":    { "uv": [ 7.751, 4.751, 7.999, 4.999 ], "texture": "#texture" },
        "north": { "uv": [ 8.001, 0.251, 8.249, 0.499 ], "texture": "#texture" },
        "south": { "uv": [ 7.751, 0.251, 7.999, 0.499 ], "texture": "#texture" },
        "west":  { "uv": [ 8.751, 0.251, 8.999, 0.499 ], "texture": "#texture" },
        "east":  { "uv": [ 7.001, 0.251, 7.249, 0.499 ], "texture": "#texture" }
    }
},
{
    "__comment": "Survivalwand2",
    "from": [ 7.75, 14.25, 8.85 ],
    "to": [ 8.25, 14.5, 9.6 ],
    "faces": {
        "down":  { "uv": [ 15.999, 1.249, 14.751, 0.001 ], "texture": "#texture" },
        "up":    { "uv": [ 14.751, 0.001, 15.999, 1.249 ], "texture": "#texture" },
        "north": { "uv": [ 13.501, 0.501, 14.749, 0.749 ], "texture": "#texture" },
        "south": { "uv": [ 14.501, 0.501, 15.749, 0.749 ], "texture": "#texture" },
        "west":  { "uv": [ 13.001, 2.501, 14.249, 2.749 ], "texture": "#texture" },
        "east":  { "uv": [ 14.001, 3.501, 15.249, 3.749 ], "texture": "#texture" }
    }
},
{
    "__comment": "Survivalwand2",
    "from": [ 7.75, 10.75, 9.1 ],
    "to": [ 8.25, 11, 9.35 ],
    "faces": {
        "down":  { "uv": [ 15.999, 1.249, 14.751, 0.001 ], "texture": "#texture" },
        "up":    { "uv": [ 14.751, 0.001, 15.999, 1.249 ], "texture": "#texture" },
        "north": { "uv": [ 13.501, 0.501, 14.749, 0.749 ], "texture": "#texture" },
        "south": { "uv": [ 14.501, 0.501, 15.749, 0.749 ], "texture": "#texture" },
        "west":  { "uv": [ 13.001, 2.501, 14.249, 2.749 ], "texture": "#texture" },
        "east":  { "uv": [ 14.001, 3.501, 15.249, 3.749 ], "texture": "#texture" }
    }
},
{
    "__comment": "Survivalwand2",
    "from": [ 7.75, 12, 8 ],
    "to": [ 8.75, 12.25, 8.25 ],
    "faces": {
        "down":  { "uv": [ 6.249, 6.249, 5.001, 6.001 ], "texture": "#texture" },
        "up":    { "uv": [ 5.751, 5.001, 6.999, 5.249 ], "texture": "#texture" },
        "north": { "uv": [ 7.501, 4.001, 8.749, 4.249 ], "texture": "#texture" },
        "south": { "uv": [ 7.251, 4.001, 8.499, 4.249 ], "texture": "#texture" },
        "west":  { "uv": [ 8.001, 4.001, 8.249, 4.249 ], "texture": "#texture" },
        "east":  { "uv": [ 7.751, 4.001, 7.999, 4.249 ], "texture": "#texture" }
    }
},
{
    "__comment": "Survivalwand2",
    "from": [ 7.75, 11.5, 8.25 ],
    "to": [ 8, 11.75, 8.5 ],
    "faces": {
        "down":  { "uv": [ 3.249, 4.499, 3.001, 4.251 ], "texture": "#texture" },
        "up":    { "uv": [ 5.751, 5.251, 5.999, 5.499 ], "texture": "#texture" },
        "north": { "uv": [ 8.001, 4.251, 8.249, 4.499 ], "texture": "#texture" },
        "south": { "uv": [ 7.751, 4.251, 7.999, 4.499 ], "texture": "#texture" },
        "west":  { "uv": [ 8.251, 4.251, 8.499, 4.499 ], "texture": "#texture" },
        "east":  { "uv": [ 7.501, 4.251, 7.749, 4.499 ], "texture": "#texture" }
    }
},
{
    "__comment": "Survivalwand2",
    "from": [ 7.75, 14.75, 8.25 ],
    "to": [ 8.25, 15, 8.5 ],
    "faces": {
        "down":  { "uv": [ 8.249, 4.499, 8.001, 4.251 ], "texture": "#texture" },
        "up":    { "uv": [ 7.751, 4.751, 7.999, 4.999 ], "texture": "#texture" },
        "north": { "uv": [ 8.001, 0.251, 8.249, 0.499 ], "texture": "#texture" },
        "south": { "uv": [ 7.751, 0.251, 7.999, 0.499 ], "texture": "#texture" },
        "west":  { "uv": [ 8.751, 0.251, 8.999, 0.499 ], "texture": "#texture" },
        "east":  { "uv": [ 7.001, 0.251, 7.249, 0.499 ], "texture": "#texture" }
    }
},
{
    "__comment": "Survivalwand2",
    "from": [ 7.75, 1.25, 8.5 ],
    "to": [ 8.25, 1.5, 8.75 ],
    "faces": {
        "down":  { "uv": [ 8.249, 10.749, 7.751, 10.501 ], "texture": "#texture" },
        "up":    { "uv": [ 7.751, 10.501, 8.249, 10.749 ], "texture": "#texture" },
        "north": { "uv": [ 7.751, 14.501, 8.249, 14.749 ], "texture": "#texture" },
        "south": { "uv": [ 7.751, 14.501, 8.249, 14.749 ], "texture": "#texture" },
        "west":  { "uv": [ 8.501, 14.501, 8.749, 14.749 ], "texture": "#texture" },
        "east":  { "uv": [ 7.251, 14.501, 7.499, 14.749 ], "texture": "#texture" }
    }
},
{
    "__comment": "Survivalwand2",
    "from": [ 7.75, 1.75, 8.5 ],
    "to": [ 8.25, 2, 8.75 ],
    "faces": {
        "down":  { "uv": [ 6.999, 7.499, 6.251, 7.001 ], "texture": "#texture" },
        "up":    { "uv": [ 6.001, 6.501, 6.749, 6.999 ], "texture": "#texture" },
        "north": { "uv": [ 7.751, 6.501, 8.499, 6.749 ], "texture": "#texture" },
        "south": { "uv": [ 7.501, 6.501, 8.249, 6.749 ], "texture": "#texture" },
        "west":  { "uv": [ 9.001, 6.501, 9.499, 6.749 ], "texture": "#texture" },
        "east":  { "uv": [ 6.501, 6.501, 6.999, 6.749 ], "texture": "#texture" }
    }
},
{
    "__comment": "Survivalwand2",
    "from": [ 7.75, 5, 8.5 ],
    "to": [ 8.25, 5.75, 8.75 ],
    "faces": {
        "down":  { "uv": [ 6.999, 7.499, 6.251, 7.001 ], "texture": "#texture" },
        "up":    { "uv": [ 6.001, 6.501, 6.749, 6.999 ], "texture": "#texture" },
        "north": { "uv": [ 7.751, 6.501, 8.499, 6.749 ], "texture": "#texture" },
        "south": { "uv": [ 7.501, 6.501, 8.249, 6.749 ], "texture": "#texture" },
        "west":  { "uv": [ 9.001, 6.501, 9.499, 6.749 ], "texture": "#texture" },
        "east":  { "uv": [ 6.501, 6.501, 6.999, 6.749 ], "texture": "#texture" }
    }
},
{
    "__comment": "Survivalwand2",
    "from": [ 7.75, 9, 8.5 ],
    "to": [ 8.25, 9.25, 8.75 ],
    "faces": {
        "down":  { "uv": [ 6.999, 7.499, 6.251, 7.001 ], "texture": "#texture" },
        "up":    { "uv": [ 6.001, 6.501, 6.749, 6.999 ], "texture": "#texture" },
        "north": { "uv": [ 7.751, 6.501, 8.499, 6.749 ], "texture": "#texture" },
        "south": { "uv": [ 7.501, 6.501, 8.249, 6.749 ], "texture": "#texture" },
        "west":  { "uv": [ 9.001, 6.501, 9.499, 6.749 ], "texture": "#texture" },
        "east":  { "uv": [ 6.501, 6.501, 6.999, 6.749 ], "texture": "#texture" }
    }
},
{
    "__comment": "Survivalwand2",
    "from": [ 7.75, 15, 8.5 ],
    "to": [ 8, 15.5, 9 ],
    "faces": {
        "down":  { "uv": [ 8.249, 4.499, 8.001, 4.251 ], "texture": "#texture" },
        "up":    { "uv": [ 7.751, 4.751, 7.999, 4.999 ], "texture": "#texture" },
        "north": { "uv": [ 8.001, 0.251, 8.249, 0.499 ], "texture": "#texture" },
        "south": { "uv": [ 7.751, 0.251, 7.999, 0.499 ], "texture": "#texture" },
        "west":  { "uv": [ 8.751, 0.251, 8.999, 0.499 ], "texture": "#texture" },
        "east":  { "uv": [ 7.001, 0.251, 7.249, 0.499 ], "texture": "#texture" }
    }
},
{
    "__comment": "Survivalwand2",
    "from": [ 7.75, 0.25, 8.75 ],
    "to": [ 8, 1.25, 9 ],
    "faces": {
        "down":  { "uv": [ 8.249, 15.499, 8.001, 15.251 ], "texture": "#texture" },
        "up":    { "uv": [ 7.751, 15.251, 7.999, 15.499 ], "texture": "#texture" },
        "north": { "uv": [ 8.001, 14.751, 8.249, 15.749 ], "texture": "#texture" },
        "south": { "uv": [ 7.751, 14.751, 7.999, 15.749 ], "texture": "#texture" },
        "west":  { "uv": [ 8.751, 14.751, 8.999, 15.749 ], "texture": "#texture" },
        "east":  { "uv": [ 7.001, 14.751, 7.249, 15.749 ], "texture": "#texture" }
    }
},
{
    "__comment": "Survivalwand2",
    "from": [ 7.75, 2, 8.75 ],
    "to": [ 8.25, 5, 9 ],
    "faces": {
        "down":  { "uv": [ 8.249, 8.999, 7.751, 8.751 ], "texture": "#texture" },
        "up":    { "uv": [ 7.751, 8.751, 8.249, 8.999 ], "texture": "#texture" },
        "north": { "uv": [ 7.751, 11.001, 8.249, 13.999 ], "texture": "#texture" },
        "south": { "uv": [ 7.751, 11.001, 8.249, 13.999 ], "texture": "#texture" },
        "west":  { "uv": [ 8.751, 11.001, 8.999, 13.999 ], "texture": "#texture" },
        "east":  { "uv": [ 7.001, 11.001, 7.249, 13.999 ], "texture": "#texture" }
    }
},
{
    "__comment": "Survivalwand2",
    "from": [ 7.75, 5.75, 8.75 ],
    "to": [ 8.25, 9, 9 ],
    "faces": {
        "down":  { "uv": [ 8.249, 8.999, 7.751, 8.751 ], "texture": "#texture" },
        "up":    { "uv": [ 7.751, 8.751, 8.249, 8.999 ], "texture": "#texture" },
        "north": { "uv": [ 7.751, 7.001, 8.249, 10.249 ], "texture": "#texture" },
        "south": { "uv": [ 7.751, 7.001, 8.249, 10.249 ], "texture": "#texture" },
        "west":  { "uv": [ 8.751, 7.001, 8.999, 10.249 ], "texture": "#texture" },
        "east":  { "uv": [ 7.001, 7.001, 7.249, 10.249 ], "texture": "#texture" }
    }
},
{
    "__comment": "Survivalwand2",
    "from": [ 7.75, 9.25, 8.75 ],
    "to": [ 8.25, 9.5, 9 ],
    "faces": {
        "down":  { "uv": [ 6.999, 7.499, 6.251, 7.001 ], "texture": "#texture" },
        "up":    { "uv": [ 6.001, 6.501, 6.749, 6.999 ], "texture": "#texture" },
        "north": { "uv": [ 7.751, 6.501, 8.499, 6.749 ], "texture": "#texture" },
        "south": { "uv": [ 7.501, 6.501, 8.249, 6.749 ], "texture": "#texture" },
        "west":  { "uv": [ 9.001, 6.501, 9.499, 6.749 ], "texture": "#texture" },
        "east":  { "uv": [ 6.501, 6.501, 6.999, 6.749 ], "texture": "#texture" }
    }
},
{
    "__comment": "Survivalwand2",
    "from": [ 7.75, 14.75, 8.75 ],
    "to": [ 8.25, 15, 9 ],
    "faces": {
        "down":  { "uv": [ 8.249, 4.499, 8.001, 4.251 ], "texture": "#texture" },
        "up":    { "uv": [ 7.751, 4.751, 7.999, 4.999 ], "texture": "#texture" },
        "north": { "uv": [ 8.001, 0.251, 8.249, 0.499 ], "texture": "#texture" },
        "south": { "uv": [ 7.751, 0.251, 7.999, 0.499 ], "texture": "#texture" },
        "west":  { "uv": [ 8.751, 0.251, 8.999, 0.499 ], "texture": "#texture" },
        "east":  { "uv": [ 7.001, 0.251, 7.249, 0.499 ], "texture": "#texture" }
    }
},
{
    "__comment": "Survivalwand2",
    "from": [ 7.75, 15.5, 8.75 ],
    "to": [ 8, 15.75, 9 ],
    "faces": {
        "down":  { "uv": [ 8.249, 4.499, 8.001, 4.251 ], "texture": "#texture" },
        "up":    { "uv": [ 7.751, 4.751, 7.999, 4.999 ], "texture": "#texture" },
        "north": { "uv": [ 8.001, 0.251, 8.249, 0.499 ], "texture": "#texture" },
        "south": { "uv": [ 7.751, 0.251, 7.999, 0.499 ], "texture": "#texture" },
        "west":  { "uv": [ 8.751, 0.251, 8.999, 0.499 ], "texture": "#texture" },
        "east":  { "uv": [ 7.001, 0.251, 7.249, 0.499 ], "texture": "#texture" }
    }
},
{
    "__comment": "Survivalwand2",
    "from": [ 7.75, 0, 9 ],
    "to": [ 8, 0.25, 9.5 ],
    "faces": {
        "down":  { "uv": [ 8.249, 15.999, 8.001, 15.501 ], "texture": "#texture" },
        "up":    { "uv": [ 7.751, 15.501, 7.999, 15.999 ], "texture": "#texture" },
        "north": { "uv": [ 8.001, 15.751, 8.249, 15.999 ], "texture": "#texture" },
        "south": { "uv": [ 7.751, 15.751, 7.999, 15.999 ], "texture": "#texture" },
        "west":  { "uv": [ 9.001, 15.751, 9.499, 15.999 ], "texture": "#texture" },
        "east":  { "uv": [ 6.501, 15.751, 6.999, 15.999 ], "texture": "#texture" }
    }
},
{
    "__comment": "Survivalwand2",
    "from": [ 7.75, 10, 9 ],
    "to": [ 8.25, 10.25, 9.75 ],
    "faces": {
        "down":  { "uv": [ 3.249, 4.749, 2.751, 4.001 ], "texture": "#texture" },
        "up":    { "uv": [ 4.751, 5.001, 5.249, 5.749 ], "texture": "#texture" },
        "north": { "uv": [ 7.751, 5.751, 8.249, 5.999 ], "texture": "#texture" },
        "south": { "uv": [ 7.751, 5.751, 8.249, 5.999 ], "texture": "#texture" },
        "west":  { "uv": [ 9.001, 5.751, 9.749, 5.999 ], "texture": "#texture" },
        "east":  { "uv": [ 6.251, 5.751, 6.999, 5.999 ], "texture": "#texture" }
    }
},
{
    "__comment": "Survivalwand2",
    "from": [ 7.75, 10.25, 9 ],
    "to": [ 8.25, 10.5, 9.25 ],
    "faces": {
        "down":  { "uv": [ 8.249, 4.499, 8.001, 4.251 ], "texture": "#texture" },
        "up":    { "uv": [ 7.751, 4.751, 7.999, 4.999 ], "texture": "#texture" },
        "north": { "uv": [ 8.001, 0.251, 8.249, 0.499 ], "texture": "#texture" },
        "south": { "uv": [ 7.751, 0.251, 7.999, 0.499 ], "texture": "#texture" },
        "west":  { "uv": [ 8.751, 0.251, 8.999, 0.499 ], "texture": "#texture" },
        "east":  { "uv": [ 7.001, 0.251, 7.249, 0.499 ], "texture": "#texture" }
    }
},
{
    "__comment": "Survivalwand2",
    "from": [ 7.75, 0.25, 9.25 ],
    "to": [ 8, 0.5, 9.75 ],
    "faces": {
        "down":  { "uv": [ 8.249, 15.749, 8.001, 15.251 ], "texture": "#texture" },
        "up":    { "uv": [ 7.751, 15.751, 7.999, 16.249 ], "texture": "#texture" },
        "north": { "uv": [ 8.001, 15.501, 8.249, 15.749 ], "texture": "#texture" },
        "south": { "uv": [ 7.751, 15.501, 7.999, 15.749 ], "texture": "#texture" },
        "west":  { "uv": [ 9.251, 15.501, 9.749, 15.749 ], "texture": "#texture" },
        "east":  { "uv": [ 6.251, 15.501, 6.749, 15.749 ], "texture": "#texture" }
    }
},
{
    "__comment": "Survivalwand2",
    "from": [ 7.75, 9.5, 9.25 ],
    "to": [ 8.25, 10, 9.5 ],
    "faces": {
        "down":  { "uv": [ 8.249, 9.499, 7.751, 9.251 ], "texture": "#texture" },
        "up":    { "uv": [ 7.751, 9.251, 8.249, 9.499 ], "texture": "#texture" },
        "north": { "uv": [ 7.751, 6.001, 8.249, 6.499 ], "texture": "#texture" },
        "south": { "uv": [ 7.751, 6.001, 8.249, 6.499 ], "texture": "#texture" },
        "west":  { "uv": [ 9.251, 6.001, 9.499, 6.499 ], "texture": "#texture" },
        "east":  { "uv": [ 6.501, 6.001, 6.749, 6.499 ], "texture": "#texture" }
    }
},
{
    "__comment": "Survivalwand2",
    "from": [ 7.75, 0.5, 9.5 ],
    "to": [ 8, 1.25, 9.75 ],
    "faces": {
        "down":  { "uv": [ 8.249, 9.749, 8.001, 9.501 ], "texture": "#texture" },
        "up":    { "uv": [ 7.751, 9.501, 7.999, 9.749 ], "texture": "#texture" },
        "north": { "uv": [ 8.001, 14.751, 8.249, 15.499 ], "texture": "#texture" },
        "south": { "uv": [ 7.751, 14.751, 7.999, 15.499 ], "texture": "#texture" },
        "west":  { "uv": [ 9.501, 14.751, 9.749, 15.499 ], "texture": "#texture" },
        "east":  { "uv": [ 6.251, 14.751, 6.499, 15.499 ], "texture": "#texture" }
    }
},
{
    "__comment": "Survivalwand2",
    "from": [ 7.75, 2, 9.5 ],
    "to": [ 8.25, 5.25, 9.75 ],
    "faces": {
        "down":  { "uv": [ 8.249, 9.749, 7.751, 9.501 ], "texture": "#texture" },
        "up":    { "uv": [ 7.751, 9.501, 8.249, 9.749 ], "texture": "#texture" },
        "north": { "uv": [ 7.751, 10.751, 8.249, 13.999 ], "texture": "#texture" },
        "south": { "uv": [ 7.751, 10.751, 8.249, 13.999 ], "texture": "#texture" },
        "west":  { "uv": [ 9.501, 10.751, 9.749, 13.999 ], "texture": "#texture" },
        "east":  { "uv": [ 6.251, 10.751, 6.499, 13.999 ], "texture": "#texture" }
    }
},
{
    "__comment": "Survivalwand2",
    "from": [ 7.75, 5.75, 9.5 ],
    "to": [ 8, 9, 9.75 ],
    "faces": {
        "down":  { "uv": [ 8.249, 9.749, 8.001, 9.501 ], "texture": "#texture" },
        "up":    { "uv": [ 7.751, 9.501, 7.999, 9.749 ], "texture": "#texture" },
        "north": { "uv": [ 8.001, 7.001, 8.249, 10.249 ], "texture": "#texture" },
        "south": { "uv": [ 7.751, 7.001, 7.999, 10.249 ], "texture": "#texture" },
        "west":  { "uv": [ 9.501, 7.001, 9.749, 10.249 ], "texture": "#texture" },
        "east":  { "uv": [ 6.251, 7.001, 6.499, 10.249 ], "texture": "#texture" }
    }
},
{
    "__comment": "Survivalwand2",
    "from": [ 7.75, 9.25, 9.5 ],
    "to": [ 8, 9.5, 9.75 ],
    "faces": {
        "down":  { "uv": [ 6.999, 7.499, 6.251, 7.001 ], "texture": "#texture" },
        "up":    { "uv": [ 6.001, 6.501, 6.749, 6.999 ], "texture": "#texture" },
        "north": { "uv": [ 7.751, 6.501, 8.499, 6.749 ], "texture": "#texture" },
        "south": { "uv": [ 7.501, 6.501, 8.249, 6.749 ], "texture": "#texture" },
        "west":  { "uv": [ 9.001, 6.501, 9.499, 6.749 ], "texture": "#texture" },
        "east":  { "uv": [ 6.501, 6.501, 6.999, 6.749 ], "texture": "#texture" }
    }
},
{
    "__comment": "Survivalwand2",
    "from": [ 7.75, 10.25, 9.5 ],
    "to": [ 8.25, 10.5, 9.75 ],
    "faces": {
        "down":  { "uv": [ 8.249, 4.499, 8.001, 4.251 ], "texture": "#texture" },
        "up":    { "uv": [ 7.751, 4.751, 7.999, 4.999 ], "texture": "#texture" },
        "north": { "uv": [ 8.001, 0.251, 8.249, 0.499 ], "texture": "#texture" },
        "south": { "uv": [ 7.751, 0.251, 7.999, 0.499 ], "texture": "#texture" },
        "west":  { "uv": [ 8.751, 0.251, 8.999, 0.499 ], "texture": "#texture" },
        "east":  { "uv": [ 7.001, 0.251, 7.249, 0.499 ], "texture": "#texture" }
    }
},
{
    "__comment": "Survivalwand2",
    "from": [ 7.75, 1.25, 9.75 ],
    "to": [ 8, 2, 10 ],
    "faces": {
        "down":  { "uv": [ 6.999, 7.499, 6.251, 7.001 ], "texture": "#texture" },
        "up":    { "uv": [ 6.001, 6.501, 6.749, 6.999 ], "texture": "#texture" },
        "north": { "uv": [ 7.751, 6.501, 8.499, 6.749 ], "texture": "#texture" },
        "south": { "uv": [ 7.501, 6.501, 8.249, 6.749 ], "texture": "#texture" },
        "west":  { "uv": [ 9.001, 6.501, 9.499, 6.749 ], "texture": "#texture" },
        "east":  { "uv": [ 6.501, 6.501, 6.999, 6.749 ], "texture": "#texture" }
    }
},
{
    "__comment": "Survivalwand2",
    "from": [ 7.75, 5.25, 9.75 ],
    "to": [ 8, 5.75, 10 ],
    "faces": {
        "down":  { "uv": [ 6.999, 7.499, 6.251, 7.001 ], "texture": "#texture" },
        "up":    { "uv": [ 6.001, 6.501, 6.749, 6.999 ], "texture": "#texture" },
        "north": { "uv": [ 7.751, 6.501, 8.499, 6.749 ], "texture": "#texture" },
        "south": { "uv": [ 7.501, 6.501, 8.249, 6.749 ], "texture": "#texture" },
        "west":  { "uv": [ 9.001, 6.501, 9.499, 6.749 ], "texture": "#texture" },
        "east":  { "uv": [ 6.501, 6.501, 6.999, 6.749 ], "texture": "#texture" }
    }
},
{
    "__comment": "Survivalwand2",
    "from": [ 7.75, 9, 9.75 ],
    "to": [ 8, 9.25, 10 ],
    "faces": {
        "down":  { "uv": [ 6.999, 7.499, 6.251, 7.001 ], "texture": "#texture" },
        "up":    { "uv": [ 6.001, 6.501, 6.749, 6.999 ], "texture": "#texture" },
        "north": { "uv": [ 7.751, 6.501, 8.499, 6.749 ], "texture": "#texture" },
        "south": { "uv": [ 7.501, 6.501, 8.249, 6.749 ], "texture": "#texture" },
        "west":  { "uv": [ 9.001, 6.501, 9.499, 6.749 ], "texture": "#texture" },
        "east":  { "uv": [ 6.501, 6.501, 6.999, 6.749 ], "texture": "#texture" }
    }
},
{
    "__comment": "Survivalwand2",
    "from": [ 7.75, 13, 9.75 ],
    "to": [ 9, 13.25, 10 ],
    "faces": {
        "down":  { "uv": [ 8.249, 4.499, 8.001, 4.251 ], "texture": "#texture" },
        "up":    { "uv": [ 7.751, 4.751, 7.999, 4.999 ], "texture": "#texture" },
        "north": { "uv": [ 8.001, 0.251, 8.249, 0.499 ], "texture": "#texture" },
        "south": { "uv": [ 7.751, 0.251, 7.999, 0.499 ], "texture": "#texture" },
        "west":  { "uv": [ 8.751, 0.251, 8.999, 0.499 ], "texture": "#texture" },
        "east":  { "uv": [ 7.001, 0.251, 7.249, 0.499 ], "texture": "#texture" }
    }
},
{
    "__comment": "Survivalwand2",
    "from": [ 8, 12, 7.75 ],
    "to": [ 8.25, 12.25, 8 ],
    "faces": {
        "down":  { "uv": [ 6.249, 6.249, 5.001, 6.001 ], "texture": "#texture" },
        "up":    { "uv": [ 5.751, 5.001, 6.999, 5.249 ], "texture": "#texture" },
        "north": { "uv": [ 7.501, 4.001, 8.749, 4.249 ], "texture": "#texture" },
        "south": { "uv": [ 7.251, 4.001, 8.499, 4.249 ], "texture": "#texture" },
        "west":  { "uv": [ 8.001, 4.001, 8.249, 4.249 ], "texture": "#texture" },
        "east":  { "uv": [ 7.751, 4.001, 7.999, 4.249 ], "texture": "#texture" }
    }
},
{
    "__comment": "Survivalwand2",
    "from": [ 8, 1.5, 8.25 ],
    "to": [ 8.25, 1.75, 8.5 ],
    "faces": {
        "down":  { "uv": [ 6.999, 7.499, 6.251, 7.001 ], "texture": "#texture" },
        "up":    { "uv": [ 6.001, 6.501, 6.749, 6.999 ], "texture": "#texture" },
        "north": { "uv": [ 7.751, 6.501, 8.499, 6.749 ], "texture": "#texture" },
        "south": { "uv": [ 7.501, 6.501, 8.249, 6.749 ], "texture": "#texture" },
        "west":  { "uv": [ 9.001, 6.501, 9.499, 6.749 ], "texture": "#texture" },
        "east":  { "uv": [ 6.501, 6.501, 6.999, 6.749 ], "texture": "#texture" }
    }
},
{
    "__comment": "Survivalwand2",
    "from": [ 8, 12.25, 8.25 ],
    "to": [ 9, 12.5, 8.5 ],
    "faces": {
        "down":  { "uv": [ 6.249, 6.249, 5.001, 6.001 ], "texture": "#texture" },
        "up":    { "uv": [ 5.751, 5.001, 6.999, 5.249 ], "texture": "#texture" },
        "north": { "uv": [ 7.501, 4.001, 8.749, 4.249 ], "texture": "#texture" },
        "south": { "uv": [ 7.251, 4.001, 8.499, 4.249 ], "texture": "#texture" },
        "west":  { "uv": [ 8.001, 4.001, 8.249, 4.249 ], "texture": "#texture" },
        "east":  { "uv": [ 7.751, 4.001, 7.999, 4.249 ], "texture": "#texture" }
    }
},
{
    "__comment": "Survivalwand2",
    "from": [ 8, 12, 8.5 ],
    "to": [ 9, 12.25, 8.75 ],
    "faces": {
        "down":  { "uv": [ 6.249, 6.249, 5.001, 6.001 ], "texture": "#texture" },
        "up":    { "uv": [ 5.751, 5.001, 6.999, 5.249 ], "texture": "#texture" },
        "north": { "uv": [ 7.501, 4.001, 8.749, 4.249 ], "texture": "#texture" },
        "south": { "uv": [ 7.251, 4.001, 8.499, 4.249 ], "texture": "#texture" },
        "west":  { "uv": [ 8.001, 4.001, 8.249, 4.249 ], "texture": "#texture" },
        "east":  { "uv": [ 7.751, 4.001, 7.999, 4.249 ], "texture": "#texture" }
    }
},
{
    "__comment": "Survivalwand2",
    "from": [ 8, 15, 8.5 ],
    "to": [ 8.25, 15.25, 9 ],
    "faces": {
        "down":  { "uv": [ 8.249, 4.499, 8.001, 4.251 ], "texture": "#texture" },
        "up":    { "uv": [ 7.751, 4.751, 7.999, 4.999 ], "texture": "#texture" },
        "north": { "uv": [ 8.001, 0.251, 8.249, 0.499 ], "texture": "#texture" },
        "south": { "uv": [ 7.751, 0.251, 7.999, 0.499 ], "texture": "#texture" },
        "west":  { "uv": [ 8.751, 0.251, 8.999, 0.499 ], "texture": "#texture" },
        "east":  { "uv": [ 7.001, 0.251, 7.249, 0.499 ], "texture": "#texture" }
    }
},
{
    "__comment": "Survivalwand2",
    "from": [ 8, 15.25, 8.5 ],
    "to": [ 8.25, 15.5, 8.75 ],
    "faces": {
        "down":  { "uv": [ 8.249, 4.499, 8.001, 4.251 ], "texture": "#texture" },
        "up":    { "uv": [ 7.751, 4.751, 7.999, 4.999 ], "texture": "#texture" },
        "north": { "uv": [ 8.001, 0.251, 8.249, 0.499 ], "texture": "#texture" },
        "south": { "uv": [ 7.751, 0.251, 7.999, 0.499 ], "texture": "#texture" },
        "west":  { "uv": [ 8.751, 0.251, 8.999, 0.499 ], "texture": "#texture" },
        "east":  { "uv": [ 7.001, 0.251, 7.249, 0.499 ], "texture": "#texture" }
    }
},
{
    "__comment": "Survivalwand2",
    "from": [ 8, 0.5, 8.75 ],
    "to": [ 8.25, 1.25, 9 ],
    "faces": {
        "down":  { "uv": [ 7.999, 15.499, 7.751, 15.251 ], "texture": "#texture" },
        "up":    { "uv": [ 8.001, 15.751, 8.249, 15.999 ], "texture": "#texture" },
        "north": { "uv": [ 7.751, 15.251, 7.999, 15.999 ], "texture": "#texture" },
        "south": { "uv": [ 8.001, 15.251, 8.249, 15.999 ], "texture": "#texture" },
        "west":  { "uv": [ 8.751, 15.251, 8.999, 15.999 ], "texture": "#texture" },
        "east":  { "uv": [ 7.001, 15.251, 7.249, 15.999 ], "texture": "#texture" }
    }
},
{
    "__comment": "Survivalwand2",
    "from": [ 8, 0, 9 ],
    "to": [ 8.25, 0.25, 9.25 ],
    "faces": {
        "down":  { "uv": [ 7.999, 15.749, 7.751, 15.501 ], "texture": "#texture" },
        "up":    { "uv": [ 8.001, 15.501, 8.249, 15.749 ], "texture": "#texture" },
        "north": { "uv": [ 7.751, 15.751, 7.999, 15.999 ], "texture": "#texture" },
        "south": { "uv": [ 8.001, 15.751, 8.249, 15.999 ], "texture": "#texture" },
        "west":  { "uv": [ 9.001, 15.751, 9.249, 15.999 ], "texture": "#texture" },
        "east":  { "uv": [ 6.751, 15.751, 6.999, 15.999 ], "texture": "#texture" }
    }
},
{
    "__comment": "Survivalwand2",
    "from": [ 8, 0.25, 9.25 ],
    "to": [ 8.25, 0.5, 9.5 ],
    "faces": {
        "down":  { "uv": [ 7.999, 15.499, 7.751, 15.251 ], "texture": "#texture" },
        "up":    { "uv": [ 8.001, 15.751, 8.249, 15.999 ], "texture": "#texture" },
        "north": { "uv": [ 7.751, 15.501, 7.999, 15.749 ], "texture": "#texture" },
        "south": { "uv": [ 8.001, 15.501, 8.249, 15.749 ], "texture": "#texture" },
        "west":  { "uv": [ 9.251, 15.501, 9.499, 15.749 ], "texture": "#texture" },
        "east":  { "uv": [ 6.501, 15.501, 6.749, 15.749 ], "texture": "#texture" }
    }
},
{
    "__comment": "Survivalwand2",
    "from": [ 8, 0.5, 9.5 ],
    "to": [ 8.25, 1, 9.75 ],
    "faces": {
        "down":  { "uv": [ 13.999, 6.249, 13.751, 6.001 ], "texture": "#texture" },
        "up":    { "uv": [ 15.501, 5.001, 15.749, 5.249 ], "texture": "#texture" },
        "north": { "uv": [ 7.751, 15.001, 7.999, 15.499 ], "texture": "#texture" },
        "south": { "uv": [ 8.001, 15.001, 8.249, 15.499 ], "texture": "#texture" },
        "west":  { "uv": [ 9.501, 15.001, 9.749, 15.499 ], "texture": "#texture" },
        "east":  { "uv": [ 6.251, 15.001, 6.499, 15.499 ], "texture": "#texture" }
    }
},
{
    "__comment": "Survivalwand2",
    "from": [ 8, 8.75, 9.5 ],
    "to": [ 8.25, 9, 9.75 ],
    "faces": {
        "down":  { "uv": [ 7.999, 9.749, 7.751, 9.501 ], "texture": "#texture" },
        "up":    { "uv": [ 8.001, 9.501, 8.249, 9.749 ], "texture": "#texture" },
        "north": { "uv": [ 7.751, 7.001, 7.999, 7.249 ], "texture": "#texture" },
        "south": { "uv": [ 8.001, 7.001, 8.249, 7.249 ], "texture": "#texture" },
        "west":  { "uv": [ 9.501, 7.001, 9.749, 7.249 ], "texture": "#texture" },
        "east":  { "uv": [ 6.251, 7.001, 6.499, 7.249 ], "texture": "#texture" }
    }
},
{
    "__comment": "Survivalwand2",
    "from": [ 8, 10.5, 9.5 ],
    "to": [ 8.25, 10.75, 9.75 ],
    "faces": {
        "down":  { "uv": [ 8.249, 4.499, 8.001, 4.251 ], "texture": "#texture" },
        "up":    { "uv": [ 7.751, 4.751, 7.999, 4.999 ], "texture": "#texture" },
        "north": { "uv": [ 8.001, 0.251, 8.249, 0.499 ], "texture": "#texture" },
        "south": { "uv": [ 7.751, 0.251, 7.999, 0.499 ], "texture": "#texture" },
        "west":  { "uv": [ 8.751, 0.251, 8.999, 0.499 ], "texture": "#texture" },
        "east":  { "uv": [ 7.001, 0.251, 7.249, 0.499 ], "texture": "#texture" }
    }
},
{
    "__comment": "Survivalwand2",
    "from": [ 8, 1.5, 9.75 ],
    "to": [ 8.25, 1.75, 10 ],
    "faces": {
        "down":  { "uv": [ 6.999, 7.499, 6.251, 7.001 ], "texture": "#texture" },
        "up":    { "uv": [ 6.001, 6.501, 6.749, 6.999 ], "texture": "#texture" },
        "north": { "uv": [ 7.751, 6.501, 8.499, 6.749 ], "texture": "#texture" },
        "south": { "uv": [ 7.501, 6.501, 8.249, 6.749 ], "texture": "#texture" },
        "west":  { "uv": [ 9.001, 6.501, 9.499, 6.749 ], "texture": "#texture" },
        "east":  { "uv": [ 6.501, 6.501, 6.999, 6.749 ], "texture": "#texture" }
    }
},
{
    "__comment": "Survivalwand2",
    "from": [ 8, 5.25, 9.75 ],
    "to": [ 8.25, 5.5, 10 ],
    "faces": {
        "down":  { "uv": [ 6.999, 7.499, 6.251, 7.001 ], "texture": "#texture" },
        "up":    { "uv": [ 6.001, 6.501, 6.749, 6.999 ], "texture": "#texture" },
        "north": { "uv": [ 7.751, 6.501, 8.499, 6.749 ], "texture": "#texture" },
        "south": { "uv": [ 7.501, 6.501, 8.249, 6.749 ], "texture": "#texture" },
        "west":  { "uv": [ 9.001, 6.501, 9.499, 6.749 ], "texture": "#texture" },
        "east":  { "uv": [ 6.501, 6.501, 6.999, 6.749 ], "texture": "#texture" }
    }
},
{
    "__comment": "Survivalwand2",
    "from": [ 8, 13.25, 10 ],
    "to": [ 8.5, 13.5, 10.25 ],
    "faces": {
        "down":  { "uv": [ 8.249, 4.499, 8.001, 4.251 ], "texture": "#texture" },
        "up":    { "uv": [ 7.751, 4.751, 7.999, 4.999 ], "texture": "#texture" },
        "north": { "uv": [ 8.001, 0.251, 8.249, 0.499 ], "texture": "#texture" },
        "south": { "uv": [ 7.751, 0.251, 7.999, 0.499 ], "texture": "#texture" },
        "west":  { "uv": [ 8.751, 0.251, 8.999, 0.499 ], "texture": "#texture" },
        "east":  { "uv": [ 7.001, 0.251, 7.249, 0.499 ], "texture": "#texture" }
    }
},
{
    "__comment": "Survivalwand2",
    "from": [ 8, 12.75, 10.25 ],
    "to": [ 8.75, 13, 10.5 ],
    "faces": {
        "down":  { "uv": [ 6.249, 4.999, 6.001, 4.751 ], "texture": "#texture" },
        "up":    { "uv": [ 7.751, 4.751, 7.999, 4.999 ], "texture": "#texture" },
        "north": { "uv": [ 8.001, 0.251, 8.249, 0.499 ], "texture": "#texture" },
        "south": { "uv": [ 7.751, 0.251, 7.999, 0.499 ], "texture": "#texture" },
        "west":  { "uv": [ 8.751, 0.251, 8.999, 0.499 ], "texture": "#texture" },
        "east":  { "uv": [ 7.001, 0.251, 7.249, 0.499 ], "texture": "#texture" }
    }
},
{
    "__comment": "Survivalwand2",
    "from": [ 8.25, 11.5, 8.6 ],
    "to": [ 8.5, 11.75, 9.1 ],
    "faces": {
        "down":  { "uv": [ 15.999, 1.249, 14.751, 0.001 ], "texture": "#texture" },
        "up":    { "uv": [ 14.751, 0.001, 15.999, 1.249 ], "texture": "#texture" },
        "north": { "uv": [ 13.501, 0.501, 14.749, 0.749 ], "texture": "#texture" },
        "south": { "uv": [ 14.501, 0.501, 15.749, 0.749 ], "texture": "#texture" },
        "west":  { "uv": [ 13.001, 2.501, 14.249, 2.749 ], "texture": "#texture" },
        "east":  { "uv": [ 14.001, 3.501, 15.249, 3.749 ], "texture": "#texture" }
    }
},
{
    "__comment": "Survivalwand2",
    "from": [ 8.25, 11.25, 8.85 ],
    "to": [ 8.5, 11.5, 9.1 ],
    "faces": {
        "down":  { "uv": [ 15.999, 1.249, 14.751, 0.001 ], "texture": "#texture" },
        "up":    { "uv": [ 14.751, 0.001, 15.999, 1.249 ], "texture": "#texture" },
        "north": { "uv": [ 13.501, 0.501, 14.749, 0.749 ], "texture": "#texture" },
        "south": { "uv": [ 14.501, 0.501, 15.749, 0.749 ], "texture": "#texture" },
        "west":  { "uv": [ 13.001, 2.501, 14.249, 2.749 ], "texture": "#texture" },
        "east":  { "uv": [ 14.001, 3.501, 15.249, 3.749 ], "texture": "#texture" }
    }
},
{
    "__comment": "Survivalwand2",
    "from": [ 8.25, 11, 9.1 ],
    "to": [ 8.5, 11.25, 9.35 ],
    "faces": {
        "down":  { "uv": [ 15.999, 1.249, 14.751, 0.001 ], "texture": "#texture" },
        "up":    { "uv": [ 14.751, 0.001, 15.999, 1.249 ], "texture": "#texture" },
        "north": { "uv": [ 13.501, 0.501, 14.749, 0.749 ], "texture": "#texture" },
        "south": { "uv": [ 14.501, 0.501, 15.749, 0.749 ], "texture": "#texture" },
        "west":  { "uv": [ 13.001, 2.501, 14.249, 2.749 ], "texture": "#texture" },
        "east":  { "uv": [ 14.001, 3.501, 15.249, 3.749 ], "texture": "#texture" }
    }
},
{
    "__comment": "Survivalwand2",
    "from": [ 8.25, 11.25, 9.35 ],
    "to": [ 8.5, 11.75, 9.6 ],
    "faces": {
        "down":  { "uv": [ 15.999, 1.249, 14.751, 0.001 ], "texture": "#texture" },
        "up":    { "uv": [ 14.751, 0.001, 15.999, 1.249 ], "texture": "#texture" },
        "north": { "uv": [ 13.501, 0.501, 14.749, 0.749 ], "texture": "#texture" },
        "south": { "uv": [ 14.501, 0.501, 15.749, 0.749 ], "texture": "#texture" },
        "west":  { "uv": [ 13.001, 2.501, 14.249, 2.749 ], "texture": "#texture" },
        "east":  { "uv": [ 14.001, 3.501, 15.249, 3.749 ], "texture": "#texture" }
    }
},
{
    "__comment": "Survivalwand2",
    "from": [ 8.25, 11.5, 9.6 ],
    "to": [ 8.5, 11.75, 9.85 ],
    "faces": {
        "down":  { "uv": [ 15.999, 1.249, 14.751, 0.001 ], "texture": "#texture" },
        "up":    { "uv": [ 14.751, 0.001, 15.999, 1.249 ], "texture": "#texture" },
        "north": { "uv": [ 13.501, 0.501, 14.749, 0.749 ], "texture": "#texture" },
        "south": { "uv": [ 14.501, 0.501, 15.749, 0.749 ], "texture": "#texture" },
        "west":  { "uv": [ 13.001, 2.501, 14.249, 2.749 ], "texture": "#texture" },
        "east":  { "uv": [ 14.001, 3.501, 15.249, 3.749 ], "texture": "#texture" }
    }
},
{
    "__comment": "Survivalwand2",
    "from": [ 8.25, 11.75, 8.25 ],
    "to": [ 8.5, 12, 8.5 ],
    "faces": {
        "down":  { "uv": [ 6.249, 6.249, 5.001, 6.001 ], "texture": "#texture" },
        "up":    { "uv": [ 5.751, 5.001, 6.999, 5.249 ], "texture": "#texture" },
        "north": { "uv": [ 7.501, 4.001, 8.749, 4.249 ], "texture": "#texture" },
        "south": { "uv": [ 7.251, 4.001, 8.499, 4.249 ], "texture": "#texture" },
        "west":  { "uv": [ 8.001, 4.001, 8.249, 4.249 ], "texture": "#texture" },
        "east":  { "uv": [ 7.751, 4.001, 7.999, 4.249 ], "texture": "#texture" }
    }
},
{
    "__comment": "Survivalwand2",
    "from": [ 8.25, 12.25, 8.5 ],
    "to": [ 9.25, 12.5, 8.75 ],
    "faces": {
        "down":  { "uv": [ 6.249, 6.249, 5.001, 6.001 ], "texture": "#texture" },
        "up":    { "uv": [ 5.751, 5.001, 6.999, 5.249 ], "texture": "#texture" },
        "north": { "uv": [ 7.501, 4.001, 8.749, 4.249 ], "texture": "#texture" },
        "south": { "uv": [ 7.251, 4.001, 8.499, 4.249 ], "texture": "#texture" },
        "west":  { "uv": [ 8.001, 4.001, 8.249, 4.249 ], "texture": "#texture" },
        "east":  { "uv": [ 7.751, 4.001, 7.999, 4.249 ], "texture": "#texture" }
    }
},
{
    "__comment": "Survivalwand2",
    "from": [ 8.25, 5.25, 8.75 ],
    "to": [ 8.5, 5.75, 9 ],
    "faces": {
        "down":  { "uv": [ 6.999, 7.499, 6.251, 7.001 ], "texture": "#texture" },
        "up":    { "uv": [ 6.001, 6.501, 6.749, 6.999 ], "texture": "#texture" },
        "north": { "uv": [ 7.751, 6.501, 8.499, 6.749 ], "texture": "#texture" },
        "south": { "uv": [ 7.501, 6.501, 8.249, 6.749 ], "texture": "#texture" },
        "west":  { "uv": [ 9.001, 6.501, 9.499, 6.749 ], "texture": "#texture" },
        "east":  { "uv": [ 6.501, 6.501, 6.999, 6.749 ], "texture": "#texture" }
    }
},
{
    "__comment": "Survivalwand2",
    "from": [ 8.25, 0.5, 9 ],
    "to": [ 8.5, 1, 9.5 ],
    "faces": {
        "down":  { "uv": [ 13.749, 5.999, 13.501, 5.501 ], "texture": "#texture" },
        "up":    { "uv": [ 13.251, 5.001, 13.499, 5.499 ], "texture": "#texture" },
        "north": { "uv": [ 8.001, 15.501, 8.249, 15.999 ], "texture": "#texture" },
        "south": { "uv": [ 8.751, 15.501, 8.999, 15.999 ], "texture": "#texture" },
        "west":  { "uv": [ 9.001, 15.501, 9.499, 15.999 ], "texture": "#texture" },
        "east":  { "uv": [ 7.001, 15.501, 7.499, 15.999 ], "texture": "#texture" }
    }
},
{
    "__comment": "Survivalwand2",
    "from": [ 8.25, 1, 9 ],
    "to": [ 8.5, 1.25, 9.25 ],
    "faces": {
        "down":  { "uv": [ 7.749, 9.249, 7.501, 9.001 ], "texture": "#texture" },
        "up":    { "uv": [ 8.251, 9.001, 8.499, 9.249 ], "texture": "#texture" },
        "north": { "uv": [ 7.501, 14.751, 7.749, 14.999 ], "texture": "#texture" },
        "south": { "uv": [ 8.251, 14.751, 8.499, 14.999 ], "texture": "#texture" },
        "west":  { "uv": [ 9.001, 14.751, 9.249, 14.999 ], "texture": "#texture" },
        "east":  { "uv": [ 6.751, 14.751, 6.999, 14.999 ], "texture": "#texture" }
    }
},
{
    "__comment": "Survivalwand2",
    "from": [ 8.25, 9.25, 9 ],
    "to": [ 8.5, 9.5, 9.25 ],
    "faces": {
        "down":  { "uv": [ 6.999, 7.499, 6.251, 7.001 ], "texture": "#texture" },
        "up":    { "uv": [ 6.001, 6.501, 6.749, 6.999 ], "texture": "#texture" },
        "north": { "uv": [ 7.751, 6.501, 8.499, 6.749 ], "texture": "#texture" },
        "south": { "uv": [ 7.501, 6.501, 8.249, 6.749 ], "texture": "#texture" },
        "west":  { "uv": [ 9.001, 6.501, 9.499, 6.749 ], "texture": "#texture" },
        "east":  { "uv": [ 6.501, 6.501, 6.999, 6.749 ], "texture": "#texture" }
    }
},
{
    "__comment": "Survivalwand2",
    "from": [ 8.25, 1.25, 9.25 ],
    "to": [ 8.75, 1.5, 9.5 ],
    "faces": {
        "down":  { "uv": [ 7.749, 10.499, 7.251, 10.251 ], "texture": "#texture" },
        "up":    { "uv": [ 8.251, 10.251, 8.749, 10.499 ], "texture": "#texture" },
        "north": { "uv": [ 7.251, 14.001, 7.749, 14.249 ], "texture": "#texture" },
        "south": { "uv": [ 8.251, 14.001, 8.749, 14.249 ], "texture": "#texture" },
        "west":  { "uv": [ 9.251, 14.001, 9.499, 14.249 ], "texture": "#texture" },
        "east":  { "uv": [ 6.501, 14.001, 6.749, 14.249 ], "texture": "#texture" }
    }
},
{
    "__comment": "Survivalwand2",
    "from": [ 8.25, 5.5, 9.25 ],
    "to": [ 8.5, 5.75, 9.5 ],
    "faces": {
        "down":  { "uv": [ 6.999, 7.499, 6.251, 7.001 ], "texture": "#texture" },
        "up":    { "uv": [ 6.001, 6.501, 6.749, 6.999 ], "texture": "#texture" },
        "north": { "uv": [ 7.751, 6.501, 8.499, 6.749 ], "texture": "#texture" },
        "south": { "uv": [ 7.501, 6.501, 8.249, 6.749 ], "texture": "#texture" },
        "west":  { "uv": [ 9.001, 6.501, 9.499, 6.749 ], "texture": "#texture" },
        "east":  { "uv": [ 6.501, 6.501, 6.999, 6.749 ], "texture": "#texture" }
    }
},
{
    "__comment": "Survivalwand2",
    "from": [ 8.25, 9, 9.25 ],
    "to": [ 8.75, 9.25, 9.5 ],
    "faces": {
        "down":  { "uv": [ 6.999, 7.499, 6.251, 7.001 ], "texture": "#texture" },
        "up":    { "uv": [ 6.001, 6.501, 6.749, 6.999 ], "texture": "#texture" },
        "north": { "uv": [ 7.751, 6.501, 8.499, 6.749 ], "texture": "#texture" },
        "south": { "uv": [ 7.501, 6.501, 8.249, 6.749 ], "texture": "#texture" },
        "west":  { "uv": [ 9.001, 6.501, 9.499, 6.749 ], "texture": "#texture" },
        "east":  { "uv": [ 6.501, 6.501, 6.999, 6.749 ], "texture": "#texture" }
    }
},
{
    "__comment": "Survivalwand2",
    "from": [ 8.25, 10.25, 9.25 ],
    "to": [ 8.5, 10.5, 9.5 ],
    "faces": {
        "down":  { "uv": [ 8.249, 4.499, 8.001, 4.251 ], "texture": "#texture" },
        "up":    { "uv": [ 7.751, 4.751, 7.999, 4.999 ], "texture": "#texture" },
        "north": { "uv": [ 8.001, 0.251, 8.249, 0.499 ], "texture": "#texture" },
        "south": { "uv": [ 7.751, 0.251, 7.999, 0.499 ], "texture": "#texture" },
        "west":  { "uv": [ 8.751, 0.251, 8.999, 0.499 ], "texture": "#texture" },
        "east":  { "uv": [ 7.001, 0.251, 7.249, 0.499 ], "texture": "#texture" }
    }
},
{
    "__comment": "Survivalwand2",
    "from": [ 8.25, 1.5, 9.5 ],
    "to": [ 8.5, 2, 9.75 ],
    "faces": {
        "down":  { "uv": [ 6.999, 7.499, 6.251, 7.001 ], "texture": "#texture" },
        "up":    { "uv": [ 6.001, 6.501, 6.749, 6.999 ], "texture": "#texture" },
        "north": { "uv": [ 7.751, 6.501, 8.499, 6.749 ], "texture": "#texture" },
        "south": { "uv": [ 7.501, 6.501, 8.249, 6.749 ], "texture": "#texture" },
        "west":  { "uv": [ 9.001, 6.501, 9.499, 6.749 ], "texture": "#texture" },
        "east":  { "uv": [ 6.501, 6.501, 6.999, 6.749 ], "texture": "#texture" }
    }
},
{
    "__comment": "Survivalwand2",
    "from": [ 8.25, 12.75, 9.5 ],
    "to": [ 9.25, 13, 10.25 ],
    "faces": {
        "down":  { "uv": [ 3.249, 4.499, 3.001, 4.251 ], "texture": "#texture" },
        "up":    { "uv": [ 7.751, 4.751, 7.999, 4.999 ], "texture": "#texture" },
        "north": { "uv": [ 8.001, 0.251, 8.249, 0.499 ], "texture": "#texture" },
        "south": { "uv": [ 7.751, 0.251, 7.999, 0.499 ], "texture": "#texture" },
        "west":  { "uv": [ 8.751, 0.251, 8.999, 0.499 ], "texture": "#texture" },
        "east":  { "uv": [ 7.001, 0.251, 7.249, 0.499 ], "texture": "#texture" }
    }
},
{
    "__comment": "Survivalwand2",
    "from": [ 8.5, 12.25, 8.85 ],
    "to": [ 8.75, 13.75, 9.6 ],
    "faces": {
        "down":  { "uv": [ 15.999, 1.249, 14.751, 0.001 ], "texture": "#texture" },
        "up":    { "uv": [ 14.751, 0.001, 15.999, 1.249 ], "texture": "#texture" },
        "north": { "uv": [ 13.501, 0.501, 14.749, 0.749 ], "texture": "#texture" },
        "south": { "uv": [ 14.501, 0.501, 15.749, 0.749 ], "texture": "#texture" },
        "west":  { "uv": [ 13.001, 2.501, 14.249, 2.749 ], "texture": "#texture" },
        "east":  { "uv": [ 14.001, 3.501, 15.249, 3.749 ], "texture": "#texture" }
    }
},
{
    "__comment": "Survivalwand2",
    "from": [ 8.5, 11.75, 9.1 ],
    "to": [ 8.75, 12.25, 9.35 ],
    "faces": {
        "down":  { "uv": [ 15.999, 1.249, 14.751, 0.001 ], "texture": "#texture" },
        "up":    { "uv": [ 14.751, 0.001, 15.999, 1.249 ], "texture": "#texture" },
        "north": { "uv": [ 13.501, 0.501, 14.749, 0.749 ], "texture": "#texture" },
        "south": { "uv": [ 14.501, 0.501, 15.749, 0.749 ], "texture": "#texture" },
        "west":  { "uv": [ 13.001, 2.501, 14.249, 2.749 ], "texture": "#texture" },
        "east":  { "uv": [ 14.001, 3.501, 15.249, 3.749 ], "texture": "#texture" }
    }
},
{
    "__comment": "Survivalwand2",
    "from": [ 8.5, 12.25, 8 ],
    "to": [ 8.75, 12.5, 8.25 ],
    "faces": {
        "down":  { "uv": [ 6.249, 6.249, 5.001, 6.001 ], "texture": "#texture" },
        "up":    { "uv": [ 5.751, 5.001, 6.999, 5.249 ], "texture": "#texture" },
        "north": { "uv": [ 7.501, 4.001, 8.749, 4.249 ], "texture": "#texture" },
        "south": { "uv": [ 7.251, 4.001, 8.499, 4.249 ], "texture": "#texture" },
        "west":  { "uv": [ 8.001, 4.001, 8.249, 4.249 ], "texture": "#texture" },
        "east":  { "uv": [ 7.751, 4.001, 7.999, 4.249 ], "texture": "#texture" }
    }
},
{
    "__comment": "Survivalwand2",
    "from": [ 8.5, 12, 8.75 ],
    "to": [ 8.75, 12.75, 9 ],
    "faces": {
        "down":  { "uv": [ 6.249, 6.249, 5.001, 6.001 ], "texture": "#texture" },
        "up":    { "uv": [ 5.751, 5.001, 6.999, 5.249 ], "texture": "#texture" },
        "north": { "uv": [ 7.501, 4.001, 8.749, 4.249 ], "texture": "#texture" },
        "south": { "uv": [ 7.251, 4.001, 8.499, 4.249 ], "texture": "#texture" },
        "west":  { "uv": [ 8.001, 4.001, 8.249, 4.249 ], "texture": "#texture" },
        "east":  { "uv": [ 7.751, 4.001, 7.999, 4.249 ], "texture": "#texture" }
    }
},
{
    "__comment": "Survivalwand2",
    "from": [ 8.5, 5.25, 9 ],
    "to": [ 8.75, 5.5, 9.25 ],
    "faces": {
        "down":  { "uv": [ 6.999, 7.499, 6.251, 7.001 ], "texture": "#texture" },
        "up":    { "uv": [ 6.001, 6.501, 6.749, 6.999 ], "texture": "#texture" },
        "north": { "uv": [ 7.751, 6.501, 8.499, 6.749 ], "texture": "#texture" },
        "south": { "uv": [ 7.501, 6.501, 8.249, 6.749 ], "texture": "#texture" },
        "west":  { "uv": [ 9.001, 6.501, 9.499, 6.749 ], "texture": "#texture" },
        "east":  { "uv": [ 6.501, 6.501, 6.999, 6.749 ], "texture": "#texture" }
    }
},
{
    "__comment": "Survivalwand2",
    "from": [ 8.5, 12.25, 9 ],
    "to": [ 9.25, 12.75, 9.25 ],
    "faces": {
        "down":  { "uv": [ 6.249, 6.249, 5.001, 6.001 ], "texture": "#texture" },
        "up":    { "uv": [ 5.751, 5.001, 6.999, 5.249 ], "texture": "#texture" },
        "north": { "uv": [ 7.501, 4.001, 8.749, 4.249 ], "texture": "#texture" },
        "south": { "uv": [ 7.251, 4.001, 8.499, 4.249 ], "texture": "#texture" },
        "west":  { "uv": [ 8.001, 4.001, 8.249, 4.249 ], "texture": "#texture" },
        "east":  { "uv": [ 7.751, 4.001, 7.999, 4.249 ], "texture": "#texture" }
    }
},
{
    "__comment": "Survivalwand2",
    "from": [ 8.5, 12.5, 9.25 ],
    "to": [ 9.25, 12.75, 10 ],
    "faces": {
        "down":  { "uv": [ 5.749, 6.499, 5.501, 6.251 ], "texture": "#texture" },
        "up":    { "uv": [ 7.751, 4.751, 7.999, 4.999 ], "texture": "#texture" },
        "north": { "uv": [ 8.001, 0.251, 8.249, 0.499 ], "texture": "#texture" },
        "south": { "uv": [ 7.751, 0.251, 7.999, 0.499 ], "texture": "#texture" },
        "west":  { "uv": [ 8.751, 0.251, 8.999, 0.499 ], "texture": "#texture" },
        "east":  { "uv": [ 7.001, 0.251, 7.249, 0.499 ], "texture": "#texture" }
    }
},
{
    "__comment": "Survivalwand2",
    "from": [ 8.5, 12.75, 9.25 ],
    "to": [ 9.25, 13, 9.5 ],
    "faces": {
        "down":  { "uv": [ 7.499, 4.999, 6.751, 4.751 ], "texture": "#texture" },
        "up":    { "uv": [ 8.501, 5.251, 9.249, 5.499 ], "texture": "#texture" },
        "north": { "uv": [ 6.751, 3.001, 7.499, 3.249 ], "texture": "#texture" },
        "south": { "uv": [ 8.501, 3.001, 9.249, 3.249 ], "texture": "#texture" },
        "west":  { "uv": [ 9.251, 3.001, 9.499, 3.249 ], "texture": "#texture" },
        "east":  { "uv": [ 6.501, 3.001, 6.749, 3.249 ], "texture": "#texture" }
    }
},
{
    "__comment": "Survivalwand2",
    "from": [ 8.75, 12.25, 8.75 ],
    "to": [ 9.25, 12.75, 9 ],
    "faces": {
        "down":  { "uv": [ 6.249, 6.249, 5.001, 6.001 ], "texture": "#texture" },
        "up":    { "uv": [ 5.751, 5.001, 6.999, 5.249 ], "texture": "#texture" },
        "north": { "uv": [ 7.501, 4.001, 8.749, 4.249 ], "texture": "#texture" },
        "south": { "uv": [ 7.251, 4.001, 8.499, 4.249 ], "texture": "#texture" },
        "west":  { "uv": [ 8.001, 4.001, 8.249, 4.249 ], "texture": "#texture" },
        "east":  { "uv": [ 7.751, 4.001, 7.999, 4.249 ], "texture": "#texture" }
    }
},
{
    "__comment": "Survivalwand2",
    "from": [ 8.75, 12.25, 9.25 ],
    "to": [ 9.25, 12.5, 9.5 ],
    "faces": {
        "down":  { "uv": [ 6.249, 6.249, 5.001, 6.001 ], "texture": "#texture" },
        "up":    { "uv": [ 5.751, 5.001, 6.999, 5.249 ], "texture": "#texture" },
        "north": { "uv": [ 7.501, 4.001, 8.749, 4.249 ], "texture": "#texture" },
        "south": { "uv": [ 7.251, 4.001, 8.499, 4.249 ], "texture": "#texture" },
        "west":  { "uv": [ 8.001, 4.001, 8.249, 4.249 ], "texture": "#texture" },
        "east":  { "uv": [ 7.751, 4.001, 7.999, 4.249 ], "texture": "#texture" }
    }
},
{
    "__comment": "Survivalwand2",
    "from": [ 9, 12.5, 8.5 ],
    "to": [ 9.25, 12.75, 8.75 ],
    "faces": {
        "down":  { "uv": [ 6.249, 6.249, 5.001, 6.001 ], "texture": "#texture" },
        "up":    { "uv": [ 5.751, 5.001, 6.999, 5.249 ], "texture": "#texture" },
        "north": { "uv": [ 7.501, 4.001, 8.749, 4.249 ], "texture": "#texture" },
        "south": { "uv": [ 7.251, 4.001, 8.499, 4.249 ], "texture": "#texture" },
        "west":  { "uv": [ 8.001, 4.001, 8.249, 4.249 ], "texture": "#texture" },
        "east":  { "uv": [ 7.751, 4.001, 7.999, 4.249 ], "texture": "#texture" }
    }
},
{
    "__comment": "Survivalwand2",
    "from": [ 9.25, 12.25, 9 ],
    "to": [ 9.5, 12.5, 9.25 ],
    "faces": {
        "down":  { "uv": [ 6.249, 6.249, 5.001, 6.001 ], "texture": "#texture" },
        "up":    { "uv": [ 5.751, 5.001, 6.999, 5.249 ], "texture": "#texture" },
        "north": { "uv": [ 7.501, 4.001, 8.749, 4.249 ], "texture": "#texture" },
        "south": { "uv": [ 7.251, 4.001, 8.499, 4.249 ], "texture": "#texture" },
        "west":  { "uv": [ 8.001, 4.001, 8.249, 4.249 ], "texture": "#texture" },
        "east":  { "uv": [ 7.751, 4.001, 7.999, 4.249 ], "texture": "#texture" }
    }
}
],
"display": {
    "firstperson_lefthand": {
        "rotation": [ 0, 100, -10 ],
        "translation": [ 0, 4, 2 ],
        "scale": [ 1, 1, 1 ]
    },
    "firstperson_righthand": {
        "rotation": [ 0, -100, 10 ],
        "translation": [ 0, 4, 2 ],
        "scale": [ 1, 1, 1 ]
    },
    "thirdperson_lefthand": {
        "rotation": [ 0, 90, 0 ],
        "translation": [ 0, 0.5, -0.4 ],
        "scale": [ 1, 1, 1 ]
    },
    "thirdperson_righthand": {
        "rotation": [ 0, -90, 0 ],
        "translation": [ 0, 0.5, -0.4 ],
        "scale": [ 1, 1, 1 ]
    },
    "thirdperson": {
        "rotation": [ -90, 0, 0 ],
        "translation": [ 0, 0.1, -2.5 ],
        "scale": [ 1.3, 1.3, 1.3 ]
    },
    "ground": {
        "rotation": [ 80, 0, 0 ],
        "translation": [ 0, 0, 0 ],
        "scale": [ 1, 1, 1 ]
    },
    "fixed": {
        "rotation": [ 0, 0, 0 ],
        "translation": [ 0, 0.2, -2.2 ],
        "scale": [ 2.3, 2.3, 2.3 ]
    },
    "firstperson": {
        "rotation": [ 0, -135, -10 ],
        "translation": [ 0, 4, 2 ],
        "scale": [ 2.5, 2.5, 2.5 ]
    },
    "gui": {
        "rotation": [ -14, 135, -44 ],
        "translation": [ 0, -0.7, 0 ],
        "scale": [ 2, 2, 2 ]
    }
}
}